,id,ResourceID,GeoUnit,Geo,Period,Duration,Label1,Label2,Label3,Label4,Label5,Label6,Value,Unit,Measure,Multiplier,NullReason,Status
0,5a20a990-94ff-4331-9273-1e6dfb506bc2,CPSUP3,MSD Region,Auckland Metro,2019-06-30,P1M,,,,,,,95835,Number,People receiving accommodation supplement,0,,
1,5d2d81ed-f763-40a7-8ecd-52849946ee01,CPSUP3,MSD Region,Auckland Metro,2019-04-30,P1M,,,,,,,93850,Number,People receiving accommodation supplement,0,,
2,a8352b9c-36b3-461a-8b58-8217de7d9614,CPSUP3,MSD Region,Auckland Metro,2019-08-31,P1M,,,,,,,96848,Number,People receiving accommodation supplement,0,,
3,5d605763-2e13-4b4f-b826-953de3db9fa6,CPSUP3,MSD Region,Auckland Metro,2019-05-31,P1M,,,,,,,94896,Number,People receiving accommodation supplement,0,,
4,5f66f566-8d08-44e7-b454-3acfac41f111,CPSUP3,MSD Region,Auckland Metro,2019-11-30,P1M,,,,,,,97978,Number,People receiving accommodation supplement,0,,
5,5855a395-4e95-4565-91f9-4878939a7a7f,CPSUP3,MSD Region,Auckland Metro,2019-07-31,P1M,,,,,,,96170,Number,People receiving accommodation supplement,0,,
6,adf6a30b-4c17-4011-bc91-921495d18807,CPSUP3,MSD Region,Auckland Metro,2019-12-31,P1M,,,,,,,99257,Number,People receiving accommodation supplement,0,,
7,e1f3ff0f-258d-4908-8de0-dcef10f4f908,CPSUP3,MSD Region,Auckland Metro,2019-09-30,P1M,,,,,,,97465,Number,People receiving accommodation supplement,0,,
8,aaa6c4e8-443c-40f3-a0c2-48a6d40608cf,CPSUP3,MSD Region,Auckland Metro,2019-10-31,P1M,,,,,,,97496,Number,People receiving accommodation supplement,0,,
9,19515af9-3a9e-4072-9eb9-cf3553a49526,CPSUP3,MSD Region,Auckland Metro,2020-01-31,P1M,,,,,,,99099,Number,People receiving accommodation supplement,0,,
10,f77186b2-1c11-4564-946b-bee5eabc9476,CPSUP3,MSD Region,Auckland Metro,2020-04-30,P1M,,,,,,,110529,Number,People receiving accommodation supplement,0,,
11,176e3b09-cd30-4b4c-b20a-a8910540eba4,CPSUP3,MSD Region,Auckland Metro,2020-02-28,P1M,,,,,,,99324,Number,People receiving accommodation supplement,0,,
12,63817fda-5e7d-424f-9c4d-9fe22b049cf5,CPSUP3,MSD Region,Auckland Metro,2020-09-30,P1M,,,,,,,120582,Number,People receiving accommodation supplement,0,,
13,362a1f7d-951e-4066-b7bf-ac87609348c0,CPSUP3,MSD Region,Auckland Metro,2020-03-31,P1M,,,,,,,101202,Number,People receiving accommodation supplement,0,,
14,74b350e1-cbc5-41ac-89d4-f3204d131e9c,CPSUP3,MSD Region,Auckland Metro,2020-05-31,P1M,,,,,,,111921,Number,People receiving accommodation supplement,0,,
15,85359fea-1fa0-4b3c-863a-cd6653e268b3,CPSUP3,MSD Region,Auckland Metro,2020-10-31,P1M,,,,,,,120693,Number,People receiving accommodation supplement,0,,
16,5075f389-3656-4f2d-8c32-a528b274aa4d,CPSUP3,MSD Region,Auckland Metro,2020-11-30,P1M,,,,,,,121425,Number,People receiving accommodation supplement,0,,
17,97021bee-ff7e-4f6c-8014-a0a84f370fe9,CPSUP3,MSD Region,Auckland Metro,2020-06-30,P1M,,,,,,,113469,Number,People receiving accommodation supplement,0,,
18,b27880c3-cdf9-4f3f-adff-d45b2c193f93,CPSUP3,MSD Region,Auckland Metro,2020-12-31,P1M,,,,,,,123294,Number,People receiving accommodation supplement,0,,
19,e1193e6e-d51e-4b2e-8b23-c10b7945a1c8,CPSUP3,MSD Region,Auckland Metro,2020-07-31,P1M,,,,,,,115611,Number,People receiving accommodation supplement,0,,
20,3b666913-28dc-4ef7-a17c-ca0fae65cf30,CPSUP3,MSD Region,Auckland Metro,2020-08-31,P1M,,,,,,,118893,Number,People receiving accommodation supplement,0,,
21,80400444-3ca0-4af8-91e4-919ac4e85fc3,CPSUP3,MSD Region,Auckland Metro,2021-01-31,P1M,,,,,,,123546,Number,People receiving accommodation supplement,0,,
22,d32c4b4f-1a11-4040-8fac-63a450376c39,CPSUP3,MSD Region,Auckland Metro,2021-02-28,P1M,,,,,,,122997,Number,People receiving accommodation supplement,0,,
23,997814ef-527e-45f4-b1b0-d7bde1c29562,CPSUP3,MSD Region,Auckland Metro,2021-03-31,P1M,,,,,,,120804,Number,People receiving accommodation supplement,0,,
24,028c1bbc-aedf-4bb5-be54-0fb31ab648b0,CPSUP3,MSD Region,Auckland Metro,2021-04-30,P1M,,,,,,,119052,Number,People receiving accommodation supplement,0,,
25,fb4be466-903e-4508-aa15-b3532d8c928c,CPSUP3,MSD Region,Auckland Metro,2021-05-31,P1M,,,,,,,118170,Number,People receiving accommodation supplement,0,,
26,2004d3f0-b344-42e9-98a0-274b6d95a0fc,CPSUP3,MSD Region,Auckland Metro,2021-07-31,P1M,,,,,,,115785,Number,People receiving accommodation supplement,0,,
27,696bf53f-1536-4213-92e7-a899a6b1d671,CPSUP3,MSD Region,Auckland Metro,2021-06-30,P1M,,,,,,,116607,Number,People receiving accommodation supplement,0,,
28,61ddcf1b-c3d1-43ae-bc90-f32b985a8743,CPSUP3,MSD Region,Auckland Metro,2021-08-31,P1M,,,,,,,117615,Number,People receiving accommodation supplement,0,,
29,4bbb6099-c803-4266-b100-9489edd1d92e,CPSUP3,MSD Region,Auckland Metro,2021-09-30,P1M,,,,,,,119193,Number,People receiving accommodation supplement,0,,
30,a0411a26-3ca1-4f74-bcb9-c6db734c709f,CPSUP3,MSD Region,Auckland Metro,2021-10-31,P1M,,,,,,,118257,Number,People receiving accommodation supplement,0,,
31,5d064a2b-e286-49b3-8188-e41a723ea62c,CPSUP3,MSD Region,Auckland Metro,2022-01-31,P1M,,,,,,,118173,Number,People receiving accommodation supplement,0,,
32,d1e83b9c-9717-4b9c-aa10-0453ddbc25fe,CPSUP3,MSD Region,Auckland Metro,2021-11-30,P1M,,,,,,,118023,Number,People receiving accommodation supplement,0,,
33,761d5c7f-20e4-4d70-bf76-57057903c02b,CPSUP3,MSD Region,Auckland Metro,2022-05-31,P1M,,,,,,,114600,Number,People receiving accommodation supplement,0,,
34,b66f4c6a-7d17-420b-90b0-18578c0f288e,CPSUP3,MSD Region,Auckland Metro,2021-12-31,P1M,,,,,,,118974,Number,People receiving accommodation supplement,0,,
35,3e55a1af-c73a-45f9-9651-5b2fcf91fbcc,CPSUP3,MSD Region,Auckland Metro,2022-02-28,P1M,,,,,,,117030,Number,People receiving accommodation supplement,0,,
36,7dec7471-1c60-4536-a3ea-824e61cb969f,CPSUP3,MSD Region,Auckland Metro,2022-03-31,P1M,,,,,,,115608,Number,People receiving accommodation supplement,0,,
37,384f457b-6aa3-4f8e-aff3-644ffae3c858,CPSUP3,MSD Region,Auckland Metro,2022-04-30,P1M,,,,,,,114846,Number,People receiving accommodation supplement,0,,
38,415ce0d5-f676-4545-bdcc-83dd9598deb1,CPSUP3,MSD Region,Auckland Metro,2022-06-30,P1M,,,,,,,114243,Number,People receiving accommodation supplement,0,,
39,5d1557f4-49e9-4075-9861-cf573280502a,CPSUP3,MSD Region,Auckland Metro,2023-02-28,P1M,,,,,,,114630,Number,People receiving accommodation supplement,0,,
40,95927c93-ffc5-4872-8d5f-1a033c281996,CPSUP3,MSD Region,Auckland Metro,2022-07-31,P1M,,,,,,,114144,Number,People receiving accommodation supplement,0,,
41,1c788542-aef3-4280-91e0-f30af8c3e0b0,CPSUP3,MSD Region,Auckland Metro,2022-08-31,P1M,,,,,,,113883,Number,People receiving accommodation supplement,0,,
42,d8c27e1f-b2fd-4ace-9f25-0db7fff366fb,CPSUP3,MSD Region,Bay of Plenty,2019-06-30,P1M,,,,,,,27924,Number,People receiving accommodation supplement,0,,
43,ff999016-ec8f-47c3-8d52-0a7a9790e143,CPSUP3,MSD Region,Auckland Metro,2022-09-30,P1M,,,,,,,114129,Number,People receiving accommodation supplement,0,,
44,189be130-f5f1-40f5-a83d-f9f7b81930ac,CPSUP3,MSD Region,Auckland Metro,2022-10-31,P1M,,,,,,,113706,Number,People receiving accommodation supplement,0,,
45,580bf579-b6f4-4a46-a6da-09b45eb54dbf,CPSUP3,MSD Region,Auckland Metro,2022-11-30,P1M,,,,,,,113454,Number,People receiving accommodation supplement,0,,
46,2623c3bc-ecab-4d7d-bbd1-1cc3013ce127,CPSUP3,MSD Region,Auckland Metro,2022-12-31,P1M,,,,,,,114588,Number,People receiving accommodation supplement,0,,
47,7f63e67f-591f-4c12-9918-80efdae3b638,CPSUP3,MSD Region,Bay of Plenty,2019-07-31,P1M,,,,,,,28497,Number,People receiving accommodation supplement,0,,
48,8b2f34a5-c12f-46ac-83a7-f142330d7a13,CPSUP3,MSD Region,Bay of Plenty,2019-08-31,P1M,,,,,,,28920,Number,People receiving accommodation supplement,0,,
49,966ec517-13e4-4069-9988-cae3988968d7,CPSUP3,MSD Region,Auckland Metro,2023-01-31,P1M,,,,,,,114501,Number,People receiving accommodation supplement,0,,
50,9d2ad5c2-3402-486e-8b25-35fae43d18f9,CPSUP3,MSD Region,Bay of Plenty,2019-09-30,P1M,,,,,,,29216,Number,People receiving accommodation supplement,0,,
51,b37b8c0a-9001-4204-8285-0a5e6d4b594c,CPSUP3,MSD Region,Bay of Plenty,2019-04-30,P1M,,,,,,,27335,Number,People receiving accommodation supplement,0,,
52,0be58f81-8e2d-416d-bcbb-e97adf77c24e,CPSUP3,MSD Region,Bay of Plenty,2019-10-31,P1M,,,,,,,29281,Number,People receiving accommodation supplement,0,,
53,10beb8c0-431e-468e-a1b0-42981af36c56,CPSUP3,MSD Region,Bay of Plenty,2019-05-31,P1M,,,,,,,27484,Number,People receiving accommodation supplement,0,,
54,32746620-1977-43bb-9756-802edaf454d3,CPSUP3,MSD Region,Bay of Plenty,2019-11-30,P1M,,,,,,,29444,Number,People receiving accommodation supplement,0,,
55,8e74cc49-8446-4d98-acf7-da5af14b43d9,CPSUP3,MSD Region,Bay of Plenty,2019-12-31,P1M,,,,,,,30314,Number,People receiving accommodation supplement,0,,
56,175c2fdc-6023-4f31-9024-7eb0434ae350,CPSUP3,MSD Region,Bay of Plenty,2020-01-31,P1M,,,,,,,30318,Number,People receiving accommodation supplement,0,,
57,31afd5b3-a37b-4211-9f8c-8fb71077a19f,CPSUP3,MSD Region,Bay of Plenty,2020-02-28,P1M,,,,,,,30327,Number,People receiving accommodation supplement,0,,
58,54f2428b-16d8-483e-bc8c-9c186b21d4fc,CPSUP3,MSD Region,Bay of Plenty,2020-04-30,P1M,,,,,,,32274,Number,People receiving accommodation supplement,0,,
59,a0316204-6a89-4459-933d-1ee7edc80699,CPSUP3,MSD Region,Bay of Plenty,2020-03-31,P1M,,,,,,,30459,Number,People receiving accommodation supplement,0,,
60,7b5c3f5e-e9cd-461c-92e5-e11575d596b8,CPSUP3,MSD Region,Bay of Plenty,2020-07-31,P1M,,,,,,,33756,Number,People receiving accommodation supplement,0,,
61,e09b71d0-7acc-40db-ad0b-54f80715b740,CPSUP3,MSD Region,Bay of Plenty,2020-05-31,P1M,,,,,,,32364,Number,People receiving accommodation supplement,0,,
62,0baf1cfa-d7a5-43e3-b3c2-0e7460c652f2,CPSUP3,MSD Region,Bay of Plenty,2020-06-30,P1M,,,,,,,32934,Number,People receiving accommodation supplement,0,,
63,cd665ae6-aa78-4f3d-9f88-1eae3369ec90,CPSUP3,MSD Region,Bay of Plenty,2020-08-31,P1M,,,,,,,34323,Number,People receiving accommodation supplement,0,,
64,3d7bd20a-8453-4863-b2da-2ae9b7596d2a,CPSUP3,MSD Region,Bay of Plenty,2020-11-30,P1M,,,,,,,34833,Number,People receiving accommodation supplement,0,,
65,48a528f6-2b2d-4f84-9450-88688df22cd6,CPSUP3,MSD Region,Bay of Plenty,2020-09-30,P1M,,,,,,,34821,Number,People receiving accommodation supplement,0,,
66,7f474a14-60bd-4f8b-abba-24658b9c67ee,CPSUP3,MSD Region,Bay of Plenty,2020-12-31,P1M,,,,,,,35811,Number,People receiving accommodation supplement,0,,
67,c573bb02-b223-4637-b8f1-8adfe471da25,CPSUP3,MSD Region,Bay of Plenty,2020-10-31,P1M,,,,,,,34677,Number,People receiving accommodation supplement,0,,
68,a85591a1-ed2f-445c-902a-89e56cc2dde6,CPSUP3,MSD Region,Bay of Plenty,2021-02-28,P1M,,,,,,,35502,Number,People receiving accommodation supplement,0,,
69,a8b55c0f-1dd9-43c9-834e-f9563bf55523,CPSUP3,MSD Region,Bay of Plenty,2021-01-31,P1M,,,,,,,35661,Number,People receiving accommodation supplement,0,,
70,e80e94ec-4d34-4314-a808-3a0d8a3943f5,CPSUP3,MSD Region,Bay of Plenty,2021-03-31,P1M,,,,,,,34347,Number,People receiving accommodation supplement,0,,
71,11197669-0df4-42a4-bb41-8efa7f0b5502,CPSUP3,MSD Region,Bay of Plenty,2021-04-30,P1M,,,,,,,33624,Number,People receiving accommodation supplement,0,,
72,44ccf937-becb-4ebf-a10f-14014f6e30e3,CPSUP3,MSD Region,Bay of Plenty,2021-05-31,P1M,,,,,,,33288,Number,People receiving accommodation supplement,0,,
73,8e155710-3d8a-47db-9f08-deed96b37b81,CPSUP3,MSD Region,Bay of Plenty,2021-07-31,P1M,,,,,,,33192,Number,People receiving accommodation supplement,0,,
74,0cf33903-6fbd-4d17-ba5c-def45d5f37b1,CPSUP3,MSD Region,Bay of Plenty,2021-09-30,P1M,,,,,,,34167,Number,People receiving accommodation supplement,0,,
75,b7c7cbf8-429c-4654-a82b-fec858e10424,CPSUP3,MSD Region,Bay of Plenty,2021-06-30,P1M,,,,,,,33114,Number,People receiving accommodation supplement,0,,
76,705adfdf-dfbd-47de-8a33-7c6043e5b808,CPSUP3,MSD Region,Bay of Plenty,2021-08-31,P1M,,,,,,,33906,Number,People receiving accommodation supplement,0,,
77,1ac1bf3c-64cf-4c04-b9bc-f8daa2741806,CPSUP3,MSD Region,Bay of Plenty,2021-12-31,P1M,,,,,,,34773,Number,People receiving accommodation supplement,0,,
78,25dbed39-25f5-4be2-a4ff-13dea11bc1d2,CPSUP3,MSD Region,Bay of Plenty,2021-10-31,P1M,,,,,,,33783,Number,People receiving accommodation supplement,0,,
79,67b0eea8-95bd-4145-a722-c27bea492c48,CPSUP3,MSD Region,Bay of Plenty,2022-03-31,P1M,,,,,,,33780,Number,People receiving accommodation supplement,0,,
80,c5fc2478-ffe4-485d-ac9f-e0fc6bb9663c,CPSUP3,MSD Region,Bay of Plenty,2021-11-30,P1M,,,,,,,33702,Number,People receiving accommodation supplement,0,,
81,5c58c548-ccfa-4e04-9a8a-c529f6f4addc,CPSUP3,MSD Region,Bay of Plenty,2022-01-31,P1M,,,,,,,34674,Number,People receiving accommodation supplement,0,,
82,7c48da8f-c1a7-4b33-90d8-25eea231dc69,CPSUP3,MSD Region,Bay of Plenty,2022-05-31,P1M,,,,,,,33597,Number,People receiving accommodation supplement,0,,
83,62ca50c1-602b-4890-ae92-765c64f79672,CPSUP3,MSD Region,Bay of Plenty,2022-07-31,P1M,,,,,,,33789,Number,People receiving accommodation supplement,0,,
84,e38dcd8f-cba9-4730-b464-f0c0a9639e54,CPSUP3,MSD Region,Bay of Plenty,2022-02-28,P1M,,,,,,,34470,Number,People receiving accommodation supplement,0,,
85,fe0bed59-2177-4ee4-91e3-f5525824f2bb,CPSUP3,MSD Region,Bay of Plenty,2022-04-30,P1M,,,,,,,33672,Number,People receiving accommodation supplement,0,,
86,53719a36-47b0-4af1-bb9a-3a30e26d7a5c,CPSUP3,MSD Region,Bay of Plenty,2022-06-30,P1M,,,,,,,33558,Number,People receiving accommodation supplement,0,,
87,da3b5a71-079a-4062-a83c-a1b7134bc78d,CPSUP3,MSD Region,Bay of Plenty,2022-08-31,P1M,,,,,,,34107,Number,People receiving accommodation supplement,0,,
88,23784a6b-2485-48be-b492-9dd412fbd757,CPSUP3,MSD Region,Bay of Plenty,2022-10-31,P1M,,,,,,,34161,Number,People receiving accommodation supplement,0,,
89,4926970d-84f4-4142-93ad-f49fb5650b58,CPSUP3,MSD Region,Bay of Plenty,2022-09-30,P1M,,,,,,,34320,Number,People receiving accommodation supplement,0,,
90,73894aa4-fa84-49e6-945d-dbbc8b3336b0,CPSUP3,MSD Region,Bay of Plenty,2022-11-30,P1M,,,,,,,34077,Number,People receiving accommodation supplement,0,,
91,eaccdcbe-8c86-4dbb-9b02-b8ec762806d3,CPSUP3,MSD Region,Bay of Plenty,2022-12-31,P1M,,,,,,,34632,Number,People receiving accommodation supplement,0,,
92,708cfcb5-a5f3-4ea5-99d5-4a69f410a691,CPSUP3,MSD Region,Bay of Plenty,2023-01-31,P1M,,,,,,,34641,Number,People receiving accommodation supplement,0,,
93,a5c25cf8-4dcb-4d15-aed1-9cdb11dab7ab,CPSUP3,MSD Region,Canterbury,2019-05-31,P1M,,,,,,,26485,Number,People receiving accommodation supplement,0,,
94,f796184f-3d65-420a-a344-4f939276b97f,CPSUP3,MSD Region,Bay of Plenty,2023-02-28,P1M,,,,,,,34443,Number,People receiving accommodation supplement,0,,
95,19967997-403c-4d08-b9b4-8c3d3c188520,CPSUP3,MSD Region,Canterbury,2019-08-31,P1M,,,,,,,27391,Number,People receiving accommodation supplement,0,,
96,cddffa3c-9c10-49cb-aeed-d4b1ef064b60,CPSUP3,MSD Region,Canterbury,2019-04-30,P1M,,,,,,,26683,Number,People receiving accommodation supplement,0,,
97,20de9f01-35e2-4166-bd06-4bddc8a00d1f,CPSUP3,MSD Region,Canterbury,2019-06-30,P1M,,,,,,,26954,Number,People receiving accommodation supplement,0,,
98,39a0ae17-2c8c-4aaa-b9b5-317aa5a90054,CPSUP3,MSD Region,Canterbury,2019-10-31,P1M,,,,,,,27796,Number,People receiving accommodation supplement,0,,
99,118d153d-aa7c-4abf-939a-1c156a3920be,CPSUP3,MSD Region,Canterbury,2019-07-31,P1M,,,,,,,27354,Number,People receiving accommodation supplement,0,,
100,ddcd9dac-ca41-47f0-8ab4-664d565d2ef8,CPSUP3,MSD Region,Canterbury,2019-11-30,P1M,,,,,,,27851,Number,People receiving accommodation supplement,0,,
101,2515daaa-4a6c-4ab4-82d7-73cb99e4e51a,CPSUP3,MSD Region,Canterbury,2019-09-30,P1M,,,,,,,27650,Number,People receiving accommodation supplement,0,,
102,755229d4-4c56-4a91-9b34-3ac420866da6,CPSUP3,MSD Region,Canterbury,2019-12-31,P1M,,,,,,,28702,Number,People receiving accommodation supplement,0,,
103,e277d82c-4205-4e22-ad33-d48c6e6f1d59,CPSUP3,MSD Region,Canterbury,2020-01-31,P1M,,,,,,,28770,Number,People receiving accommodation supplement,0,,
104,e37ebdcd-27fc-4762-b30f-974aa5b90046,CPSUP3,MSD Region,Canterbury,2020-02-28,P1M,,,,,,,28380,Number,People receiving accommodation supplement,0,,
105,9b4b00a3-f08e-475e-9f37-ce7af6fb983c,CPSUP3,MSD Region,Canterbury,2020-04-30,P1M,,,,,,,31230,Number,People receiving accommodation supplement,0,,
106,cdcb15d3-6d28-4e5e-9f47-b1a430f331f1,CPSUP3,MSD Region,Canterbury,2020-03-31,P1M,,,,,,,29100,Number,People receiving accommodation supplement,0,,
107,550dd341-842f-4f0b-bcce-c504c100ddba,CPSUP3,MSD Region,Canterbury,2020-06-30,P1M,,,,,,,32382,Number,People receiving accommodation supplement,0,,
108,016687de-7ba5-47f9-bae8-ed1a7fa6f797,CPSUP3,MSD Region,Canterbury,2020-05-31,P1M,,,,,,,31761,Number,People receiving accommodation supplement,0,,
109,217355b8-51ec-4285-be1f-5deac4f6163e,CPSUP3,MSD Region,Canterbury,2020-09-30,P1M,,,,,,,34284,Number,People receiving accommodation supplement,0,,
110,c9610cde-ba8c-463d-b0fc-68b485298b01,CPSUP3,MSD Region,Canterbury,2020-10-31,P1M,,,,,,,34386,Number,People receiving accommodation supplement,0,,
111,eb45125a-9fdb-49ed-9a48-59564098aa3b,CPSUP3,MSD Region,Canterbury,2020-07-31,P1M,,,,,,,33183,Number,People receiving accommodation supplement,0,,
112,2dc2e58e-a42f-4cf5-9ab6-bcc3ba775c86,CPSUP3,MSD Region,Canterbury,2020-11-30,P1M,,,,,,,34542,Number,People receiving accommodation supplement,0,,
113,b27b4c81-bb1d-4c90-aaff-b3f0e2e1b2dc,CPSUP3,MSD Region,Canterbury,2020-08-31,P1M,,,,,,,33714,Number,People receiving accommodation supplement,0,,
114,026291ec-d267-455a-a633-90817928cbba,CPSUP3,MSD Region,Canterbury,2020-12-31,P1M,,,,,,,35286,Number,People receiving accommodation supplement,0,,
115,cf61a3df-4318-4eba-948f-1facebcc88c9,CPSUP3,MSD Region,Canterbury,2021-01-31,P1M,,,,,,,35373,Number,People receiving accommodation supplement,0,,
116,c3b0d4c8-4346-4369-b2aa-d1b08f01e649,CPSUP3,MSD Region,Canterbury,2021-03-31,P1M,,,,,,,34323,Number,People receiving accommodation supplement,0,,
117,2dffce39-9303-45f0-af17-f390cb7f5dd7,CPSUP3,MSD Region,Canterbury,2021-06-30,P1M,,,,,,,33471,Number,People receiving accommodation supplement,0,,
118,dd8c9455-7621-4426-90ec-5c6fc930106e,CPSUP3,MSD Region,Canterbury,2021-02-28,P1M,,,,,,,34704,Number,People receiving accommodation supplement,0,,
119,2e574baf-870f-432b-9d0c-b353ea5c7fd6,CPSUP3,MSD Region,Canterbury,2021-04-30,P1M,,,,,,,34029,Number,People receiving accommodation supplement,0,,
120,3685b126-d83f-44e9-b7da-4ec2e7394e2b,CPSUP3,MSD Region,Canterbury,2021-08-31,P1M,,,,,,,33615,Number,People receiving accommodation supplement,0,,
121,8cef9556-e661-4e27-9ae1-e74d844dd30e,CPSUP3,MSD Region,Canterbury,2021-05-31,P1M,,,,,,,33786,Number,People receiving accommodation supplement,0,,
122,f5bc177b-d2d2-45da-97e1-932b1eb701e0,CPSUP3,MSD Region,Canterbury,2021-10-31,P1M,,,,,,,32811,Number,People receiving accommodation supplement,0,,
123,2445723f-21a7-4308-a1d6-28120c5d5d17,CPSUP3,MSD Region,Canterbury,2021-07-31,P1M,,,,,,,33348,Number,People receiving accommodation supplement,0,,
124,653b8257-0ca3-4fc6-88b3-5183524b1797,CPSUP3,MSD Region,Canterbury,2021-09-30,P1M,,,,,,,33345,Number,People receiving accommodation supplement,0,,
125,8e1af343-3f56-4f76-b35f-c162b03f60d6,CPSUP3,MSD Region,Canterbury,2021-12-31,P1M,,,,,,,33480,Number,People receiving accommodation supplement,0,,
126,fbabaa1c-83f1-4f00-8326-052a2d044160,CPSUP3,MSD Region,Canterbury,2021-11-30,P1M,,,,,,,32682,Number,People receiving accommodation supplement,0,,
127,2aca08bf-0c0d-417d-9b58-1722ba23c912,CPSUP3,MSD Region,Canterbury,2022-02-28,P1M,,,,,,,33039,Number,People receiving accommodation supplement,0,,
128,c4389c31-cdab-4688-870c-548e73a0f30a,CPSUP3,MSD Region,Canterbury,2022-01-31,P1M,,,,,,,33435,Number,People receiving accommodation supplement,0,,
129,907407d2-b5a0-4e51-a406-38942456a88b,CPSUP3,MSD Region,Canterbury,2022-04-30,P1M,,,,,,,32637,Number,People receiving accommodation supplement,0,,
130,a60f93e4-3920-4e92-a0de-56c7ce8959c3,CPSUP3,MSD Region,Canterbury,2022-03-31,P1M,,,,,,,32586,Number,People receiving accommodation supplement,0,,
131,186178ab-64a8-49d9-8ec6-d2f541285a5b,CPSUP3,MSD Region,Canterbury,2022-05-31,P1M,,,,,,,32556,Number,People receiving accommodation supplement,0,,
132,c874ce4b-f708-4b83-af2e-86ead53ad71b,CPSUP3,MSD Region,Canterbury,2022-06-30,P1M,,,,,,,32355,Number,People receiving accommodation supplement,0,,
133,1487d12d-7483-4818-93b8-cc4266de7900,CPSUP3,MSD Region,Canterbury,2022-07-31,P1M,,,,,,,32319,Number,People receiving accommodation supplement,0,,
134,ab03269e-11e7-490c-95e6-6953bf51c765,CPSUP3,MSD Region,Canterbury,2022-09-30,P1M,,,,,,,32169,Number,People receiving accommodation supplement,0,,
135,0d41b48d-ce46-4a29-a96a-e83051473dd2,CPSUP3,MSD Region,Canterbury,2022-12-31,P1M,,,,,,,32685,Number,People receiving accommodation supplement,0,,
136,f7a2a687-0508-427e-84be-3407f60757de,CPSUP3,MSD Region,Canterbury,2022-08-31,P1M,,,,,,,32166,Number,People receiving accommodation supplement,0,,
137,e0927c33-fa0b-4ce4-82e4-7c37c039e43d,CPSUP3,MSD Region,Canterbury,2022-10-31,P1M,,,,,,,32178,Number,People receiving accommodation supplement,0,,
138,2f44bba7-6df5-41b1-8df2-b89f689c5de1,CPSUP3,MSD Region,Canterbury,2022-11-30,P1M,,,,,,,32205,Number,People receiving accommodation supplement,0,,
139,3e4d6ca1-912e-4f4f-86b3-1d7c1b8da110,CPSUP3,MSD Region,Canterbury,2023-01-31,P1M,,,,,,,32691,Number,People receiving accommodation supplement,0,,
140,fa24476e-ae4c-4304-a402-78ff9da3022e,CPSUP3,MSD Region,Canterbury,2023-02-28,P1M,,,,,,,32451,Number,People receiving accommodation supplement,0,,
141,ab8e84a5-807b-49d9-b641-a4091252e127,CPSUP3,MSD Region,Central,2019-05-31,P1M,,,,,,,20253,Number,People receiving accommodation supplement,0,,
142,da4f132f-5494-42ea-8381-7f65346a8f18,CPSUP3,MSD Region,Central,2019-04-30,P1M,,,,,,,20072,Number,People receiving accommodation supplement,0,,
143,2ea12bc3-91c0-4d0c-8c5a-26d6f3fbbca5,CPSUP3,MSD Region,Central,2019-08-31,P1M,,,,,,,20656,Number,People receiving accommodation supplement,0,,
144,7d93d5a3-192a-4dd5-bd04-de63311fea2f,CPSUP3,MSD Region,Central,2019-06-30,P1M,,,,,,,20333,Number,People receiving accommodation supplement,0,,
145,50d1f738-4e3e-4be0-af14-c4f920525c6f,CPSUP3,MSD Region,Central,2019-09-30,P1M,,,,,,,20796,Number,People receiving accommodation supplement,0,,
146,a1908072-69a5-4cee-955e-49b3621716e7,CPSUP3,MSD Region,Central,2019-07-31,P1M,,,,,,,20430,Number,People receiving accommodation supplement,0,,
147,6a25b426-bf97-494f-908b-9fa01ccdee19,CPSUP3,MSD Region,Central,2019-10-31,P1M,,,,,,,20643,Number,People receiving accommodation supplement,0,,
148,dcfb422c-ad8f-429c-8cdd-9c25feaf5d05,CPSUP3,MSD Region,Central,2019-12-31,P1M,,,,,,,21021,Number,People receiving accommodation supplement,0,,
149,480b5088-71fd-4866-bcb6-6c6853e3fb3b,CPSUP3,MSD Region,Central,2019-11-30,P1M,,,,,,,20651,Number,People receiving accommodation supplement,0,,
150,b2343837-5cc5-4ebb-9c5a-1ecf701589a8,CPSUP3,MSD Region,Central,2020-01-31,P1M,,,,,,,20871,Number,People receiving accommodation supplement,0,,
151,5f35ffd8-8cf3-4647-a566-4c2a195cc525,CPSUP3,MSD Region,Central,2020-02-28,P1M,,,,,,,20781,Number,People receiving accommodation supplement,0,,
152,b20254d8-08d4-4b56-81c5-9e4577eb3512,CPSUP3,MSD Region,Central,2020-03-31,P1M,,,,,,,21039,Number,People receiving accommodation supplement,0,,
153,6b975324-1d04-4301-9c5c-8b085212c40f,CPSUP3,MSD Region,Central,2020-04-30,P1M,,,,,,,21870,Number,People receiving accommodation supplement,0,,
154,701d19e3-e40f-482b-a68e-ed23ff551a02,CPSUP3,MSD Region,Central,2020-05-31,P1M,,,,,,,21930,Number,People receiving accommodation supplement,0,,
155,95138adc-d17d-44bc-96a8-ca956de444bc,CPSUP3,MSD Region,Central,2020-06-30,P1M,,,,,,,21942,Number,People receiving accommodation supplement,0,,
156,92ce24a1-01ad-4edb-a77b-525a9845749c,CPSUP3,MSD Region,Central,2020-08-31,P1M,,,,,,,22179,Number,People receiving accommodation supplement,0,,
157,a2993d78-650e-45ab-b9d5-7679e63d7aef,CPSUP3,MSD Region,Central,2020-07-31,P1M,,,,,,,22098,Number,People receiving accommodation supplement,0,,
158,60ac793b-bf0b-449d-a7e0-298036babf21,CPSUP3,MSD Region,Central,2020-11-30,P1M,,,,,,,22314,Number,People receiving accommodation supplement,0,,
159,c56fc58f-c8d7-49cb-84ab-5e4b41fe1ef0,CPSUP3,MSD Region,Central,2020-09-30,P1M,,,,,,,22299,Number,People receiving accommodation supplement,0,,
160,c0b514f7-50fb-42c1-b332-8a2ebf628d3b,CPSUP3,MSD Region,Central,2020-12-31,P1M,,,,,,,22602,Number,People receiving accommodation supplement,0,,
161,e9b651ef-3c8d-4708-81de-abd3e20e7b6d,CPSUP3,MSD Region,Central,2020-10-31,P1M,,,,,,,22251,Number,People receiving accommodation supplement,0,,
162,a089b4c9-de33-4230-90fd-42e2e008f6b5,CPSUP3,MSD Region,Central,2021-03-31,P1M,,,,,,,21786,Number,People receiving accommodation supplement,0,,
163,e8d676d1-15a7-4872-874a-a4a2a661a1c9,CPSUP3,MSD Region,Central,2021-01-31,P1M,,,,,,,22485,Number,People receiving accommodation supplement,0,,
164,56872e97-fbf1-4bb9-baa6-3e9ce11de367,CPSUP3,MSD Region,Central,2021-05-31,P1M,,,,,,,21573,Number,People receiving accommodation supplement,0,,
165,c97d354b-9832-4d34-adc4-1b100eeba343,CPSUP3,MSD Region,Central,2021-02-28,P1M,,,,,,,22212,Number,People receiving accommodation supplement,0,,
166,11f19a24-659c-460b-bc6d-e33f088b9767,CPSUP3,MSD Region,Central,2021-04-30,P1M,,,,,,,21675,Number,People receiving accommodation supplement,0,,
167,5dae644a-b4a2-409d-98f3-729474e67532,CPSUP3,MSD Region,Central,2021-07-31,P1M,,,,,,,21207,Number,People receiving accommodation supplement,0,,
168,3d26dd33-8acb-4bd7-8b77-31160525da2a,CPSUP3,MSD Region,Central,2021-08-31,P1M,,,,,,,21393,Number,People receiving accommodation supplement,0,,
169,8810654b-2015-4025-848e-48e055a1a952,CPSUP3,MSD Region,Central,2021-06-30,P1M,,,,,,,21348,Number,People receiving accommodation supplement,0,,
170,ccbdfe19-525f-47d7-8de4-222ce01b69f2,CPSUP3,MSD Region,Central,2021-10-31,P1M,,,,,,,21096,Number,People receiving accommodation supplement,0,,
171,db693e66-0296-4679-b115-d53947fd6711,CPSUP3,MSD Region,Central,2021-09-30,P1M,,,,,,,21357,Number,People receiving accommodation supplement,0,,
172,abc4bc9d-1f13-49e8-a7e0-ec052044fc5b,CPSUP3,MSD Region,Central,2021-12-31,P1M,,,,,,,21384,Number,People receiving accommodation supplement,0,,
173,afc0ad6c-a318-4d20-bfd2-ac6c7e389ad9,CPSUP3,MSD Region,Central,2021-11-30,P1M,,,,,,,20964,Number,People receiving accommodation supplement,0,,
174,5df0c8d8-cd9b-45b1-b2f1-670faf319564,CPSUP3,MSD Region,Central,2022-02-28,P1M,,,,,,,21033,Number,People receiving accommodation supplement,0,,
175,e0f1077b-1f0f-4f9a-a5c2-499447e0e32d,CPSUP3,MSD Region,Central,2022-01-31,P1M,,,,,,,21267,Number,People receiving accommodation supplement,0,,
176,48b651e9-7364-4ab6-9033-7c59ec1491ef,CPSUP3,MSD Region,Central,2022-03-31,P1M,,,,,,,20871,Number,People receiving accommodation supplement,0,,
177,295f5f4c-5948-43fc-b872-ae741d7d69fa,CPSUP3,MSD Region,Central,2022-05-31,P1M,,,,,,,20931,Number,People receiving accommodation supplement,0,,
178,d13153f5-1cc9-4cdc-9799-6254f565d855,CPSUP3,MSD Region,Central,2022-04-30,P1M,,,,,,,20859,Number,People receiving accommodation supplement,0,,
179,a92db74e-f21f-43e5-ac8a-da9a220f51b8,CPSUP3,MSD Region,Central,2022-07-31,P1M,,,,,,,20937,Number,People receiving accommodation supplement,0,,
180,b01f2888-63e7-4be6-a8f6-1db75a89fec7,CPSUP3,MSD Region,Central,2022-06-30,P1M,,,,,,,20910,Number,People receiving accommodation supplement,0,,
181,76a6fdbd-e652-4fcc-9837-7ce0565d83ca,CPSUP3,MSD Region,Central,2022-09-30,P1M,,,,,,,21189,Number,People receiving accommodation supplement,0,,
182,eeb99588-b429-405a-8d77-0e982ce62604,CPSUP3,MSD Region,Central,2022-08-31,P1M,,,,,,,21072,Number,People receiving accommodation supplement,0,,
183,d3628b59-5bcc-44ad-8086-878069ca05c5,CPSUP3,MSD Region,Central,2022-12-31,P1M,,,,,,,21279,Number,People receiving accommodation supplement,0,,
184,d616e73e-0815-45a7-aad3-fe337b34c209,CPSUP3,MSD Region,Central,2022-10-31,P1M,,,,,,,21159,Number,People receiving accommodation supplement,0,,
185,020a6e6b-8d68-4fb1-aac1-1a17fb23b617,CPSUP3,MSD Region,Central,2022-11-30,P1M,,,,,,,21201,Number,People receiving accommodation supplement,0,,
186,86c5a465-0cfa-4c51-853f-961fdd58b0fb,CPSUP3,MSD Region,Central,2023-02-28,P1M,,,,,,,21255,Number,People receiving accommodation supplement,0,,
187,e13e0a2b-71cd-464d-91e3-84006f2d1309,CPSUP3,MSD Region,Central,2023-01-31,P1M,,,,,,,21216,Number,People receiving accommodation supplement,0,,
188,e5c31e30-c583-4acb-8ce1-8b6a133e16ab,CPSUP3,MSD Region,East Coast,2019-07-31,P1M,,,,,,,16195,Number,People receiving accommodation supplement,0,,
189,edf872c7-7f64-44b1-a80c-cc2afab889f7,CPSUP3,MSD Region,East Coast,2019-04-30,P1M,,,,,,,15317,Number,People receiving accommodation supplement,0,,
190,4eaa1924-b4ee-47df-94b5-ac2f3b1ef430,CPSUP3,MSD Region,East Coast,2019-05-31,P1M,,,,,,,15640,Number,People receiving accommodation supplement,0,,
191,556ceefe-ea00-412b-b76f-1976a6149325,CPSUP3,MSD Region,East Coast,2019-06-30,P1M,,,,,,,15872,Number,People receiving accommodation supplement,0,,
192,9d765600-cd86-46c8-8e6b-3df274e9b2ec,CPSUP3,MSD Region,East Coast,2019-08-31,P1M,,,,,,,16592,Number,People receiving accommodation supplement,0,,
193,083652e4-1550-44c2-bd19-35526e9b6853,CPSUP3,MSD Region,East Coast,2019-11-30,P1M,,,,,,,16753,Number,People receiving accommodation supplement,0,,
194,e81cad6a-57b3-49b1-8559-761a197a6f21,CPSUP3,MSD Region,East Coast,2019-09-30,P1M,,,,,,,16884,Number,People receiving accommodation supplement,0,,
195,0fa29c60-ca72-4d6e-8323-b5dfac1acfac,CPSUP3,MSD Region,East Coast,2020-01-31,P1M,,,,,,,17010,Number,People receiving accommodation supplement,0,,
196,476f5006-8da4-434f-8fb6-bf40df438948,CPSUP3,MSD Region,East Coast,2019-10-31,P1M,,,,,,,16771,Number,People receiving accommodation supplement,0,,
197,f473050f-306c-4e3a-abfc-ad1dca8ba95c,CPSUP3,MSD Region,East Coast,2019-12-31,P1M,,,,,,,17168,Number,People receiving accommodation supplement,0,,
198,021096cf-0d2b-473e-a91b-aab3796215e9,CPSUP3,MSD Region,East Coast,2020-02-28,P1M,,,,,,,16551,Number,People receiving accommodation supplement,0,,
199,45880545-8c7d-4560-bfe1-2b22f466240c,CPSUP3,MSD Region,East Coast,2020-03-31,P1M,,,,,,,16695,Number,People receiving accommodation supplement,0,,
200,81bcd932-4f9f-4d99-b212-119895a9c042,CPSUP3,MSD Region,East Coast,2020-04-30,P1M,,,,,,,17841,Number,People receiving accommodation supplement,0,,
201,25b161f0-57b7-4b37-9984-b5459abe2b5e,CPSUP3,MSD Region,East Coast,2020-05-31,P1M,,,,,,,17931,Number,People receiving accommodation supplement,0,,
202,3bdb8a2f-d4a1-4110-b34f-c6e5f1c62041,CPSUP3,MSD Region,East Coast,2020-07-31,P1M,,,,,,,18450,Number,People receiving accommodation supplement,0,,
203,a3b16002-456a-4848-8fec-ab3b167b42f1,CPSUP3,MSD Region,East Coast,2020-06-30,P1M,,,,,,,18066,Number,People receiving accommodation supplement,0,,
204,fe06f51e-b78a-43a7-8b9d-be6797bccea0,CPSUP3,MSD Region,East Coast,2020-08-31,P1M,,,,,,,18786,Number,People receiving accommodation supplement,0,,
205,aa30fb5c-13a6-4488-82e3-d230b534207b,CPSUP3,MSD Region,East Coast,2020-09-30,P1M,,,,,,,18999,Number,People receiving accommodation supplement,0,,
206,6655834c-fcbf-4ef3-b151-26d22648b1ab,CPSUP3,MSD Region,East Coast,2020-10-31,P1M,,,,,,,18897,Number,People receiving accommodation supplement,0,,
207,ac906e3f-ebbd-4042-b398-5c9dbdc3e11d,CPSUP3,MSD Region,East Coast,2020-11-30,P1M,,,,,,,18630,Number,People receiving accommodation supplement,0,,
208,2bf97a2d-085a-414f-9738-6355f6bc52c7,CPSUP3,MSD Region,East Coast,2020-12-31,P1M,,,,,,,19119,Number,People receiving accommodation supplement,0,,
209,152e3af3-bec5-49d5-bbaa-26feb70da8e5,CPSUP3,MSD Region,East Coast,2021-01-31,P1M,,,,,,,18876,Number,People receiving accommodation supplement,0,,
210,a02bffb2-cc6b-42c9-bb1f-7bfc5a551974,CPSUP3,MSD Region,East Coast,2021-02-28,P1M,,,,,,,18417,Number,People receiving accommodation supplement,0,,
211,6f4fca55-188c-4061-bdd5-a0adc2453a27,CPSUP3,MSD Region,East Coast,2021-03-31,P1M,,,,,,,17847,Number,People receiving accommodation supplement,0,,
212,72b3102e-5f8b-4b35-ab57-42e26c925d7a,CPSUP3,MSD Region,East Coast,2021-05-31,P1M,,,,,,,17688,Number,People receiving accommodation supplement,0,,
213,b8c2cab9-f201-4570-b3ad-553dfbfe1d76,CPSUP3,MSD Region,East Coast,2021-04-30,P1M,,,,,,,17658,Number,People receiving accommodation supplement,0,,
214,731c3a34-b9bb-4c9f-b278-988f38d7fa54,CPSUP3,MSD Region,East Coast,2021-09-30,P1M,,,,,,,18357,Number,People receiving accommodation supplement,0,,
215,7ce8f624-05c7-415b-b53d-d1202678fddf,CPSUP3,MSD Region,East Coast,2021-06-30,P1M,,,,,,,17586,Number,People receiving accommodation supplement,0,,
216,3e835ce5-f09e-45c2-b674-6f74c5bee9b3,CPSUP3,MSD Region,East Coast,2021-07-31,P1M,,,,,,,17757,Number,People receiving accommodation supplement,0,,
217,f25537ef-aec4-447b-bd09-fce61cd282d5,CPSUP3,MSD Region,East Coast,2021-11-30,P1M,,,,,,,17907,Number,People receiving accommodation supplement,0,,
218,8860501a-09df-421c-aa66-62f4a46fbe38,CPSUP3,MSD Region,East Coast,2021-08-31,P1M,,,,,,,18222,Number,People receiving accommodation supplement,0,,
219,ab2b73ac-8362-4361-aa90-e36d6e83804a,CPSUP3,MSD Region,East Coast,2021-10-31,P1M,,,,,,,18126,Number,People receiving accommodation supplement,0,,
220,284f5153-b56f-4d87-a328-23ddb45c3f98,CPSUP3,MSD Region,East Coast,2022-01-31,P1M,,,,,,,18090,Number,People receiving accommodation supplement,0,,
221,41c81ea7-0b52-43ab-a157-940fd026522c,CPSUP3,MSD Region,East Coast,2021-12-31,P1M,,,,,,,18267,Number,People receiving accommodation supplement,0,,
222,341c4b3b-6089-47ff-978f-cc10df87be19,CPSUP3,MSD Region,East Coast,2022-02-28,P1M,,,,,,,17664,Number,People receiving accommodation supplement,0,,
223,64d9f8d0-0bb5-45d7-8b13-3b784697d698,CPSUP3,MSD Region,East Coast,2022-03-31,P1M,,,,,,,17127,Number,People receiving accommodation supplement,0,,
224,25540100-368a-4364-9f34-93b8cf9ab90c,CPSUP3,MSD Region,East Coast,2022-04-30,P1M,,,,,,,17145,Number,People receiving accommodation supplement,0,,
225,cb70aaff-787b-47e8-8260-4bc384a04423,CPSUP3,MSD Region,East Coast,2022-05-31,P1M,,,,,,,17091,Number,People receiving accommodation supplement,0,,
226,97642459-0dcc-4047-87f1-04fc1d44ba11,CPSUP3,MSD Region,East Coast,2022-06-30,P1M,,,,,,,17070,Number,People receiving accommodation supplement,0,,
227,996c3cbf-39bb-4b47-8ad2-d1669bf1af7c,CPSUP3,MSD Region,East Coast,2022-07-31,P1M,,,,,,,17235,Number,People receiving accommodation supplement,0,,
228,0bd9d12b-9ec1-48fc-9b3f-d455d1de961f,CPSUP3,MSD Region,East Coast,2022-08-31,P1M,,,,,,,17253,Number,People receiving accommodation supplement,0,,
229,51df6640-bcfa-4d1d-a535-306ccfcad50c,CPSUP3,MSD Region,East Coast,2022-10-31,P1M,,,,,,,17364,Number,People receiving accommodation supplement,0,,
230,13a2ee47-c559-4cc1-8ca4-2a3fe972699f,CPSUP3,MSD Region,East Coast,2022-09-30,P1M,,,,,,,17418,Number,People receiving accommodation supplement,0,,
231,ba8ebbb7-b042-43e5-b7ce-7277e5bb7919,CPSUP3,MSD Region,East Coast,2023-02-28,P1M,,,,,,,17592,Number,People receiving accommodation supplement,0,,
232,d566ca59-5d48-4d68-b815-b7314ab3c52f,CPSUP3,MSD Region,Nelson,2019-04-30,P1M,,,,,,,10866,Number,People receiving accommodation supplement,0,,
233,ebc125a4-166d-4543-906e-f6abec4e7d9c,CPSUP3,MSD Region,East Coast,2022-11-30,P1M,,,,,,,17319,Number,People receiving accommodation supplement,0,,
234,cb4bed2b-c53e-4ca6-8284-b4a946170904,CPSUP3,MSD Region,East Coast,2022-12-31,P1M,,,,,,,17619,Number,People receiving accommodation supplement,0,,
235,daca56da-5fad-48f7-b220-905fb5c3d086,CPSUP3,MSD Region,East Coast,2023-01-31,P1M,,,,,,,17580,Number,People receiving accommodation supplement,0,,
236,3f865d7d-347d-408d-aad4-ee58fb827d8c,CPSUP3,MSD Region,Nelson,2019-05-31,P1M,,,,,,,11034,Number,People receiving accommodation supplement,0,,
237,51237670-dabf-4fa4-97ad-35f16a3bbecc,CPSUP3,MSD Region,Nelson,2019-06-30,P1M,,,,,,,11127,Number,People receiving accommodation supplement,0,,
238,2f015ea3-14e3-4bae-8001-765d8e00a8f8,CPSUP3,MSD Region,Nelson,2019-11-30,P1M,,,,,,,11195,Number,People receiving accommodation supplement,0,,
239,89f7b243-172d-4a08-804c-8aa15fad5bed,CPSUP3,MSD Region,Nelson,2019-07-31,P1M,,,,,,,11166,Number,People receiving accommodation supplement,0,,
240,4724f263-b25e-424b-8829-313e4a61cdf5,CPSUP3,MSD Region,Nelson,2019-08-31,P1M,,,,,,,11271,Number,People receiving accommodation supplement,0,,
241,627c5df7-cf3a-486b-9be7-50c8fc6e92a2,CPSUP3,MSD Region,Nelson,2019-12-31,P1M,,,,,,,11400,Number,People receiving accommodation supplement,0,,
242,843deddd-fbf3-45f2-943b-98afe8d55894,CPSUP3,MSD Region,Nelson,2019-09-30,P1M,,,,,,,11337,Number,People receiving accommodation supplement,0,,
243,a88882e8-a163-4413-ba21-9bd39dc3bc50,CPSUP3,MSD Region,Nelson,2019-10-31,P1M,,,,,,,11262,Number,People receiving accommodation supplement,0,,
244,f44b561d-f730-4437-a816-d7696b9596b9,CPSUP3,MSD Region,Nelson,2020-02-28,P1M,,,,,,,11217,Number,People receiving accommodation supplement,0,,
245,aec9bcc2-0251-4297-ae1a-b278ffc5fe5e,CPSUP3,MSD Region,Nelson,2020-01-31,P1M,,,,,,,11352,Number,People receiving accommodation supplement,0,,
246,feaf86f2-2106-4b96-ad58-0a687cc637c0,CPSUP3,MSD Region,Nelson,2020-04-30,P1M,,,,,,,12255,Number,People receiving accommodation supplement,0,,
247,217452ea-c482-4d96-a1f1-ad45e1ad2d8a,CPSUP3,MSD Region,Nelson,2020-03-31,P1M,,,,,,,11436,Number,People receiving accommodation supplement,0,,
248,dedcbf01-1433-4669-848d-31b2459301b6,CPSUP3,MSD Region,Nelson,2020-05-31,P1M,,,,,,,12450,Number,People receiving accommodation supplement,0,,
249,a244ef65-7c61-406e-a5a7-ec6da23c03bf,CPSUP3,MSD Region,Nelson,2020-08-31,P1M,,,,,,,12930,Number,People receiving accommodation supplement,0,,
250,be1c9bdb-e044-4d86-895f-190ca07ba53d,CPSUP3,MSD Region,Nelson,2020-06-30,P1M,,,,,,,12597,Number,People receiving accommodation supplement,0,,
251,7b03b985-3399-4c40-8466-321832224e37,CPSUP3,MSD Region,Nelson,2021-01-31,P1M,,,,,,,12771,Number,People receiving accommodation supplement,0,,
252,8cb25e57-37cd-4be8-a525-7cea9e766915,CPSUP3,MSD Region,Nelson,2020-07-31,P1M,,,,,,,12807,Number,People receiving accommodation supplement,0,,
253,7cbeaf53-4c89-4ccb-8e11-f9ae102edc56,CPSUP3,MSD Region,Nelson,2021-02-28,P1M,,,,,,,12600,Number,People receiving accommodation supplement,0,,
254,f2ca7ba8-3557-4b31-8cdf-9f9fc2c27bb2,CPSUP3,MSD Region,Nelson,2020-09-30,P1M,,,,,,,12984,Number,People receiving accommodation supplement,0,,
255,335dd485-5a22-4d21-8a47-db9af92a5de2,CPSUP3,MSD Region,Nelson,2020-10-31,P1M,,,,,,,12900,Number,People receiving accommodation supplement,0,,
256,9ee21fe9-2b96-488c-b725-659f4ce223a6,CPSUP3,MSD Region,Nelson,2020-11-30,P1M,,,,,,,12720,Number,People receiving accommodation supplement,0,,
257,20a4ae0e-b80b-40ff-a1a7-c310983636ae,CPSUP3,MSD Region,Nelson,2020-12-31,P1M,,,,,,,12873,Number,People receiving accommodation supplement,0,,
258,00f4a701-dbc9-4728-a13a-0153ceb7b50d,CPSUP3,MSD Region,Nelson,2021-04-30,P1M,,,,,,,12312,Number,People receiving accommodation supplement,0,,
259,f7fa649a-6569-48ad-a4c9-0b67509cb04a,CPSUP3,MSD Region,Nelson,2021-03-31,P1M,,,,,,,12375,Number,People receiving accommodation supplement,0,,
260,165610b0-6d46-4fdc-8e8c-9734ee6abb07,CPSUP3,MSD Region,Nelson,2021-05-31,P1M,,,,,,,12339,Number,People receiving accommodation supplement,0,,
261,d72304ea-5985-4402-a796-b523cd6113e4,CPSUP3,MSD Region,Nelson,2021-06-30,P1M,,,,,,,12264,Number,People receiving accommodation supplement,0,,
262,70fcff49-2568-4928-8e21-61dd1e8b4d9f,CPSUP3,MSD Region,Nelson,2021-08-31,P1M,,,,,,,12372,Number,People receiving accommodation supplement,0,,
263,9be84c97-3a64-4697-8100-6a756f200e55,CPSUP3,MSD Region,Nelson,2021-07-31,P1M,,,,,,,12204,Number,People receiving accommodation supplement,0,,
264,af651fcb-0382-4e0f-a635-73e71bc6919a,CPSUP3,MSD Region,Nelson,2021-09-30,P1M,,,,,,,12408,Number,People receiving accommodation supplement,0,,
265,688aa1ea-db49-4b47-b8f0-8870e8f3c6aa,CPSUP3,MSD Region,Nelson,2021-10-31,P1M,,,,,,,12285,Number,People receiving accommodation supplement,0,,
266,f1d4b566-a585-4f30-ae74-5cf213473d6a,CPSUP3,MSD Region,Nelson,2021-12-31,P1M,,,,,,,12372,Number,People receiving accommodation supplement,0,,
267,0470def6-3329-4f35-8a40-88d44a177fc3,CPSUP3,MSD Region,Nelson,2022-02-28,P1M,,,,,,,12216,Number,People receiving accommodation supplement,0,,
268,c2096bfb-cfb3-45a5-b0fc-e2f1b03b0a6d,CPSUP3,MSD Region,Nelson,2021-11-30,P1M,,,,,,,12195,Number,People receiving accommodation supplement,0,,
269,29ab42bb-0268-4ba6-a22b-b15ea9309a40,CPSUP3,MSD Region,Nelson,2022-01-31,P1M,,,,,,,12306,Number,People receiving accommodation supplement,0,,
270,3a841fa7-8bb5-45a6-ab54-0fb03983357f,CPSUP3,MSD Region,Nelson,2022-05-31,P1M,,,,,,,12066,Number,People receiving accommodation supplement,0,,
271,9c2b0f1f-6852-4ce8-b784-85a51c1c3c1c,CPSUP3,MSD Region,Nelson,2022-03-31,P1M,,,,,,,12084,Number,People receiving accommodation supplement,0,,
272,af67e9e2-89e8-4f81-b39d-aed9df8f37ef,CPSUP3,MSD Region,Nelson,2022-04-30,P1M,,,,,,,11994,Number,People receiving accommodation supplement,0,,
273,4e21da57-d681-4e3b-ba3c-3f6c9b8e23ea,CPSUP3,MSD Region,Nelson,2022-06-30,P1M,,,,,,,11958,Number,People receiving accommodation supplement,0,,
274,dfa9c790-28f2-4f0a-9c7c-fe63b6403b77,CPSUP3,MSD Region,Nelson,2022-08-31,P1M,,,,,,,12186,Number,People receiving accommodation supplement,0,,
275,1fbed4cb-ff3a-4627-a0a2-2d07aa28b9d9,CPSUP3,MSD Region,Nelson,2022-09-30,P1M,,,,,,,12186,Number,People receiving accommodation supplement,0,,
276,f171c41d-55ac-4581-b1a0-b1214211abeb,CPSUP3,MSD Region,Nelson,2022-07-31,P1M,,,,,,,12039,Number,People receiving accommodation supplement,0,,
277,87e67e05-8758-4421-a254-83e4b7a0799c,CPSUP3,MSD Region,Nelson,2022-10-31,P1M,,,,,,,12075,Number,People receiving accommodation supplement,0,,
278,984db4a0-29c9-44c5-9203-a0587ac2a5fc,CPSUP3,MSD Region,Nelson,2022-12-31,P1M,,,,,,,12168,Number,People receiving accommodation supplement,0,,
279,9a8848f1-7c31-4db5-981a-dfe9ba38801f,CPSUP3,MSD Region,Nelson,2023-02-28,P1M,,,,,,,12045,Number,People receiving accommodation supplement,0,,
280,fdd070a5-7fdf-4c43-99ce-3c10ba6ac1f3,CPSUP3,MSD Region,Nelson,2022-11-30,P1M,,,,,,,12015,Number,People receiving accommodation supplement,0,,
281,01d99980-c154-4625-9d3b-d4e286e6eeee,CPSUP3,MSD Region,Nelson,2023-01-31,P1M,,,,,,,12150,Number,People receiving accommodation supplement,0,,
282,e4eb0844-696f-4c2d-a169-61d2cb1003b9,CPSUP3,MSD Region,Northland,2019-07-31,P1M,,,,,,,15354,Number,People receiving accommodation supplement,0,,
283,a92b9efa-e386-4a78-939d-03b75f720d8f,CPSUP3,MSD Region,Northland,2019-04-30,P1M,,,,,,,14900,Number,People receiving accommodation supplement,0,,
284,c35312cf-bc0f-4bc8-a2f0-dfbfca3108c7,CPSUP3,MSD Region,Northland,2019-08-31,P1M,,,,,,,15510,Number,People receiving accommodation supplement,0,,
285,0c8f9bb4-c49a-4c18-aeea-e6932a18995b,CPSUP3,MSD Region,Northland,2019-10-31,P1M,,,,,,,15720,Number,People receiving accommodation supplement,0,,
286,abda03ff-b909-4a08-bae1-f184439d097b,CPSUP3,MSD Region,Northland,2019-05-31,P1M,,,,,,,15034,Number,People receiving accommodation supplement,0,,
287,2b03e129-d8a2-4c2f-9460-49a63bdaeb9b,CPSUP3,MSD Region,Northland,2019-11-30,P1M,,,,,,,15657,Number,People receiving accommodation supplement,0,,
288,91ab0c07-8b7d-4a6d-8964-6b87e494c8ea,CPSUP3,MSD Region,Northland,2019-06-30,P1M,,,,,,,15239,Number,People receiving accommodation supplement,0,,
289,dd35009f-b374-4b51-ab08-36e8b11e7649,CPSUP3,MSD Region,Northland,2019-09-30,P1M,,,,,,,15664,Number,People receiving accommodation supplement,0,,
290,0471cf0f-1681-4f1f-9ea8-71e0c70b46d0,CPSUP3,MSD Region,Northland,2019-12-31,P1M,,,,,,,16097,Number,People receiving accommodation supplement,0,,
291,09e56984-fad8-42dd-8e93-a959574a0c88,CPSUP3,MSD Region,Northland,2020-01-31,P1M,,,,,,,16041,Number,People receiving accommodation supplement,0,,
292,218082fa-8fff-4cc4-ba15-99ea36f8db07,CPSUP3,MSD Region,Northland,2020-02-28,P1M,,,,,,,15825,Number,People receiving accommodation supplement,0,,
293,6560fa7b-0ac5-46f1-8d69-c56764232fe1,CPSUP3,MSD Region,Northland,2020-05-31,P1M,,,,,,,17607,Number,People receiving accommodation supplement,0,,
294,60a1c4ee-71c0-4f73-b1fd-5df931774c43,CPSUP3,MSD Region,Northland,2020-03-31,P1M,,,,,,,16173,Number,People receiving accommodation supplement,0,,
295,36ce1930-796e-4736-947e-27320ca8a23d,CPSUP3,MSD Region,Northland,2020-04-30,P1M,,,,,,,17376,Number,People receiving accommodation supplement,0,,
296,ed1cb05f-7117-4608-8968-f5ca8d61cb2f,CPSUP3,MSD Region,Northland,2020-06-30,P1M,,,,,,,17709,Number,People receiving accommodation supplement,0,,
297,bebd9dd8-1421-4ded-b989-cccc8becd439,CPSUP3,MSD Region,Northland,2020-09-30,P1M,,,,,,,18120,Number,People receiving accommodation supplement,0,,
298,e6e7bd4d-910a-43f2-a1d7-0d4d04520c87,CPSUP3,MSD Region,Northland,2020-07-31,P1M,,,,,,,17847,Number,People receiving accommodation supplement,0,,
299,99748532-2ed3-4c56-9563-78dca0617f8c,CPSUP3,MSD Region,Northland,2021-03-31,P1M,,,,,,,17982,Number,People receiving accommodation supplement,0,,
300,9e462078-0c94-4f0a-a19d-4bdc7c531502,CPSUP3,MSD Region,Northland,2020-08-31,P1M,,,,,,,17988,Number,People receiving accommodation supplement,0,,
301,0616444b-1c34-481d-b7a2-30988ddea7d3,CPSUP3,MSD Region,Northland,2020-10-31,P1M,,,,,,,18123,Number,People receiving accommodation supplement,0,,
302,bbc0c112-9dfb-442a-810f-8fe326f62272,CPSUP3,MSD Region,Northland,2020-11-30,P1M,,,,,,,18189,Number,People receiving accommodation supplement,0,,
303,231ab037-5854-4dd4-b473-2cf83ee28e6d,CPSUP3,MSD Region,Northland,2020-12-31,P1M,,,,,,,18570,Number,People receiving accommodation supplement,0,,
304,363a4fdd-5e4e-4af8-ac95-d0a554d113c1,CPSUP3,MSD Region,Northland,2021-05-31,P1M,,,,,,,17727,Number,People receiving accommodation supplement,0,,
305,478570ae-ca1b-4859-b519-2c523a0521b1,CPSUP3,MSD Region,Northland,2021-01-31,P1M,,,,,,,18513,Number,People receiving accommodation supplement,0,,
306,60ed83a4-1613-4e4b-8b90-78dcfe004e8a,CPSUP3,MSD Region,Northland,2021-02-28,P1M,,,,,,,18462,Number,People receiving accommodation supplement,0,,
307,65bfaa1a-d1bf-418b-87c6-d20e2d367ac0,CPSUP3,MSD Region,Northland,2021-04-30,P1M,,,,,,,17748,Number,People receiving accommodation supplement,0,,
308,63923491-79fd-47a9-bafc-74aeb346abd8,CPSUP3,MSD Region,Northland,2021-06-30,P1M,,,,,,,17637,Number,People receiving accommodation supplement,0,,
309,758a852e-9eec-44c1-9597-38b3b420efb8,CPSUP3,MSD Region,Northland,2021-07-31,P1M,,,,,,,17547,Number,People receiving accommodation supplement,0,,
310,c185ab5d-10b2-47ce-9cb0-d07a11efc897,CPSUP3,MSD Region,Northland,2021-08-31,P1M,,,,,,,17745,Number,People receiving accommodation supplement,0,,
311,433e3288-59be-4041-8897-aa9674ee0471,CPSUP3,MSD Region,Northland,2021-09-30,P1M,,,,,,,17748,Number,People receiving accommodation supplement,0,,
312,8caeab07-9ef7-40cc-8ad1-15696a711de1,CPSUP3,MSD Region,Northland,2022-03-31,P1M,,,,,,,17733,Number,People receiving accommodation supplement,0,,
313,cc86837d-78df-43da-a46b-a9185b93f6fe,CPSUP3,MSD Region,Northland,2021-10-31,P1M,,,,,,,17736,Number,People receiving accommodation supplement,0,,
314,f10b0843-9f40-4deb-a6f7-59bf7337c1a9,CPSUP3,MSD Region,Northland,2022-08-31,P1M,,,,,,,17688,Number,People receiving accommodation supplement,0,,
315,6e99b412-9fb0-4ce6-86db-847335ef31b5,CPSUP3,MSD Region,Northland,2021-11-30,P1M,,,,,,,17703,Number,People receiving accommodation supplement,0,,
316,be238ba4-331a-4c68-8248-e6c37bf37a8f,CPSUP3,MSD Region,Northland,2021-12-31,P1M,,,,,,,18120,Number,People receiving accommodation supplement,0,,
317,13dbd84f-39d4-4313-b9db-f4765abe00bb,CPSUP3,MSD Region,Northland,2022-01-31,P1M,,,,,,,18144,Number,People receiving accommodation supplement,0,,
318,d58865db-a98d-4815-9da1-9f2b5695e545,CPSUP3,MSD Region,Northland,2022-02-28,P1M,,,,,,,18129,Number,People receiving accommodation supplement,0,,
319,d8fe220c-d5d9-482a-a686-4dcfffe7a54d,CPSUP3,MSD Region,Northland,2022-04-30,P1M,,,,,,,17580,Number,People receiving accommodation supplement,0,,
320,fc671736-04c9-4df9-a641-45ce7aa76e40,CPSUP3,MSD Region,Northland,2022-11-30,P1M,,,,,,,17751,Number,People receiving accommodation supplement,0,,
321,1d20d9aa-0b42-43ec-bd6d-61243ec80e69,CPSUP3,MSD Region,Northland,2022-12-31,P1M,,,,,,,18120,Number,People receiving accommodation supplement,0,,
322,569dc055-54b6-437c-acbe-aecd800c8bde,CPSUP3,MSD Region,Northland,2022-05-31,P1M,,,,,,,17574,Number,People receiving accommodation supplement,0,,
323,64e46250-cc59-44b3-b78d-7a4a0af32319,CPSUP3,MSD Region,Northland,2023-01-31,P1M,,,,,,,18168,Number,People receiving accommodation supplement,0,,
324,f3aa2a22-328e-4aff-b5bf-88b8a608912b,CPSUP3,MSD Region,Northland,2022-06-30,P1M,,,,,,,17697,Number,People receiving accommodation supplement,0,,
325,0cc612e3-0dee-4c97-b495-ac65963b8a0e,CPSUP3,MSD Region,Northland,2022-07-31,P1M,,,,,,,17607,Number,People receiving accommodation supplement,0,,
326,8d4d503a-8127-4b41-bb7a-7cb416c0fc38,CPSUP3,MSD Region,Southern,2019-04-30,P1M,,,,,,,17436,Number,People receiving accommodation supplement,0,,
327,debe7014-d28f-4d80-b1fe-3fb69f09a2ec,CPSUP3,MSD Region,Northland,2022-09-30,P1M,,,,,,,17769,Number,People receiving accommodation supplement,0,,
328,3145fc05-b100-41a9-af9f-9410f37a79d1,CPSUP3,MSD Region,Northland,2022-10-31,P1M,,,,,,,17766,Number,People receiving accommodation supplement,0,,
329,633b0024-05fb-489a-85f2-040e4978f4d4,CPSUP3,MSD Region,Southern,2019-07-31,P1M,,,,,,,18720,Number,People receiving accommodation supplement,0,,
330,b34550b7-8567-42f4-8e9d-0dd55e17825d,CPSUP3,MSD Region,Northland,2023-02-28,P1M,,,,,,,18066,Number,People receiving accommodation supplement,0,,
331,3e7411d5-54ce-4b5c-9064-3ea0e02c8072,CPSUP3,MSD Region,Southern,2019-08-31,P1M,,,,,,,18880,Number,People receiving accommodation supplement,0,,
332,67ac4c49-3fd8-4f7d-8a00-8b96312935e4,CPSUP3,MSD Region,Southern,2019-05-31,P1M,,,,,,,17781,Number,People receiving accommodation supplement,0,,
333,1e2cdc1a-6a7d-4151-adec-eb33f8a95b03,CPSUP3,MSD Region,Southern,2019-10-31,P1M,,,,,,,18844,Number,People receiving accommodation supplement,0,,
334,71fa529e-3a9e-42b5-b5a4-61563b94a500,CPSUP3,MSD Region,Southern,2019-06-30,P1M,,,,,,,18267,Number,People receiving accommodation supplement,0,,
335,bec98b69-a03b-411d-a3eb-91cd8be65f93,CPSUP3,MSD Region,Southern,2019-09-30,P1M,,,,,,,18932,Number,People receiving accommodation supplement,0,,
336,fa7f6218-09db-4a7c-89a6-f65ac2857bd2,CPSUP3,MSD Region,Southern,2019-11-30,P1M,,,,,,,18692,Number,People receiving accommodation supplement,0,,
337,3bed7390-8d9f-457f-a6aa-9cb912e1c0a8,CPSUP3,MSD Region,Southern,2019-12-31,P1M,,,,,,,18866,Number,People receiving accommodation supplement,0,,
338,b062e8ad-70c6-446b-9449-fdcee4a11e6d,CPSUP3,MSD Region,Southern,2020-01-31,P1M,,,,,,,18489,Number,People receiving accommodation supplement,0,,
339,c6d948d1-e35c-4ebd-9120-cd94a32423eb,CPSUP3,MSD Region,Southern,2020-03-31,P1M,,,,,,,18456,Number,People receiving accommodation supplement,0,,
340,f885f917-b804-45a1-b0e4-1a408a1876d2,CPSUP3,MSD Region,Southern,2020-02-28,P1M,,,,,,,17991,Number,People receiving accommodation supplement,0,,
341,50a4c0e4-204e-43c8-9735-e19b25ec4eeb,CPSUP3,MSD Region,Southern,2020-05-31,P1M,,,,,,,20250,Number,People receiving accommodation supplement,0,,
342,89b5aad0-c82c-4653-856a-65f727f35b37,CPSUP3,MSD Region,Southern,2020-04-30,P1M,,,,,,,19845,Number,People receiving accommodation supplement,0,,
343,c6dd7c41-4c14-4b88-8bca-911c12596892,CPSUP3,MSD Region,Southern,2020-06-30,P1M,,,,,,,20754,Number,People receiving accommodation supplement,0,,
344,71bbcdb7-00b1-47a9-bce0-40e34f8f83d5,CPSUP3,MSD Region,Southern,2020-07-31,P1M,,,,,,,21486,Number,People receiving accommodation supplement,0,,
345,4c526816-550f-4b20-8797-6c904057f0fb,CPSUP3,MSD Region,Southern,2020-08-31,P1M,,,,,,,21816,Number,People receiving accommodation supplement,0,,
346,d9739a64-0860-4801-ae3b-a59d1befc8ca,CPSUP3,MSD Region,Southern,2020-09-30,P1M,,,,,,,21996,Number,People receiving accommodation supplement,0,,
347,20ee3790-bcb8-4b7d-a017-481cfef3014f,CPSUP3,MSD Region,Southern,2020-10-31,P1M,,,,,,,21759,Number,People receiving accommodation supplement,0,,
348,fca8d2ca-b2fb-4446-b064-de8b1d226f3f,CPSUP3,MSD Region,Southern,2020-11-30,P1M,,,,,,,21603,Number,People receiving accommodation supplement,0,,
349,5dd82bc5-99fc-45e8-bb44-51a1146147c1,CPSUP3,MSD Region,Southern,2021-03-31,P1M,,,,,,,20487,Number,People receiving accommodation supplement,0,,
350,e99dbc45-5d03-4e51-8d84-5e6988ba8d87,CPSUP3,MSD Region,Southern,2020-12-31,P1M,,,,,,,21699,Number,People receiving accommodation supplement,0,,
351,b0509c29-e70f-41f7-8e2a-1991f687ed50,CPSUP3,MSD Region,Southern,2021-01-31,P1M,,,,,,,21369,Number,People receiving accommodation supplement,0,,
352,3848a0aa-d3e4-421b-9aac-4567ae90fd42,CPSUP3,MSD Region,Southern,2021-06-30,P1M,,,,,,,20676,Number,People receiving accommodation supplement,0,,
353,5411b278-8634-4f01-88ee-487e02230fd4,CPSUP3,MSD Region,Southern,2021-02-28,P1M,,,,,,,20916,Number,People receiving accommodation supplement,0,,
354,3c88c6a4-6d29-4fb2-97ab-3d50ea38a04f,CPSUP3,MSD Region,Southern,2021-04-30,P1M,,,,,,,20274,Number,People receiving accommodation supplement,0,,
355,f7daa053-02e1-4f95-a83c-0e3124c5e05d,CPSUP3,MSD Region,Southern,2021-08-31,P1M,,,,,,,21027,Number,People receiving accommodation supplement,0,,
356,26e81d63-b3bd-4f0d-b272-79d9141bf201,CPSUP3,MSD Region,Southern,2021-05-31,P1M,,,,,,,20283,Number,People receiving accommodation supplement,0,,
357,b9cf6b11-86af-41e3-a170-903a114ce411,CPSUP3,MSD Region,Southern,2021-10-31,P1M,,,,,,,20664,Number,People receiving accommodation supplement,0,,
358,73edc880-4e60-40cf-924b-95fde0dec216,CPSUP3,MSD Region,Southern,2021-07-31,P1M,,,,,,,20781,Number,People receiving accommodation supplement,0,,
359,f3fdb762-857e-45bb-a854-4d6c66669ded,CPSUP3,MSD Region,Southern,2021-09-30,P1M,,,,,,,21084,Number,People receiving accommodation supplement,0,,
360,14f51f2c-4b49-4e8c-a5eb-fbc8150038a1,CPSUP3,MSD Region,Southern,2022-03-31,P1M,,,,,,,19941,Number,People receiving accommodation supplement,0,,
361,bfc2a9ec-9633-4366-8b8d-c2ce21241911,CPSUP3,MSD Region,Southern,2021-11-30,P1M,,,,,,,20634,Number,People receiving accommodation supplement,0,,
362,b40907ab-d73d-42a5-b633-810ed8d89ad3,CPSUP3,MSD Region,Southern,2021-12-31,P1M,,,,,,,20862,Number,People receiving accommodation supplement,0,,
363,24174e73-c264-4f54-a203-68f19ea27db8,CPSUP3,MSD Region,Southern,2022-01-31,P1M,,,,,,,20523,Number,People receiving accommodation supplement,0,,
364,8866129f-6010-4a8b-b7a5-f7f8689d9cfc,CPSUP3,MSD Region,Southern,2022-02-28,P1M,,,,,,,20214,Number,People receiving accommodation supplement,0,,
365,d69b3718-6adb-436f-9336-82910ddd12ab,CPSUP3,MSD Region,Southern,2022-05-31,P1M,,,,,,,20004,Number,People receiving accommodation supplement,0,,
366,02176dc9-0eb8-442c-90fc-f4b1d45e2871,CPSUP3,MSD Region,Southern,2022-04-30,P1M,,,,,,,19836,Number,People receiving accommodation supplement,0,,
367,08f94dfc-e447-491b-8a08-468c416a612a,CPSUP3,MSD Region,Southern,2022-06-30,P1M,,,,,,,20142,Number,People receiving accommodation supplement,0,,
368,5e04db3c-fccb-42ae-b858-5a23233559c5,CPSUP3,MSD Region,Southern,2022-07-31,P1M,,,,,,,20379,Number,People receiving accommodation supplement,0,,
369,86adb5db-27e0-4c51-8eda-8f390a6233a8,CPSUP3,MSD Region,Southern,2022-08-31,P1M,,,,,,,20283,Number,People receiving accommodation supplement,0,,
370,75c8ed5d-322e-4b86-a450-68daf740df56,CPSUP3,MSD Region,Southern,2022-10-31,P1M,,,,,,,20091,Number,People receiving accommodation supplement,0,,
371,c72e026f-d9ef-4543-98cf-81d16628d70d,CPSUP3,MSD Region,Southern,2022-09-30,P1M,,,,,,,20274,Number,People receiving accommodation supplement,0,,
372,36dcff0d-d19a-4b99-b87a-96791c8455ef,CPSUP3,MSD Region,Southern,2022-11-30,P1M,,,,,,,19875,Number,People receiving accommodation supplement,0,,
373,eea5b53c-89bf-4be7-b485-9d762c27bd0e,CPSUP3,MSD Region,Southern,2022-12-31,P1M,,,,,,,20100,Number,People receiving accommodation supplement,0,,
374,3bcff406-ce62-4c59-92fc-2c686cbbd01c,CPSUP3,MSD Region,Taranaki,2019-05-31,P1M,,,,,,,15795,Number,People receiving accommodation supplement,0,,
375,c475b1ad-063a-4cde-b1ac-7ccc2578571e,CPSUP3,MSD Region,Southern,2023-01-31,P1M,,,,,,,19887,Number,People receiving accommodation supplement,0,,
376,0cb1c69f-219b-4315-b86a-150536a54d42,CPSUP3,MSD Region,Taranaki,2019-06-30,P1M,,,,,,,15964,Number,People receiving accommodation supplement,0,,
377,c2e63901-6660-489b-ade9-666b01ede72e,CPSUP3,MSD Region,Southern,2023-02-28,P1M,,,,,,,19668,Number,People receiving accommodation supplement,0,,
378,3cfdfda6-b2a9-44f0-b817-7cbdd47038a6,CPSUP3,MSD Region,Taranaki,2019-04-30,P1M,,,,,,,15626,Number,People receiving accommodation supplement,0,,
379,0a209e9c-ac7e-454b-a51d-d90b7575cb9b,CPSUP3,MSD Region,Taranaki,2019-07-31,P1M,,,,,,,16042,Number,People receiving accommodation supplement,0,,
380,58b66ecd-7fba-4252-93df-0fcbc04d67ec,CPSUP3,MSD Region,Taranaki,2019-08-31,P1M,,,,,,,16142,Number,People receiving accommodation supplement,0,,
381,0c091c86-4b2f-4f70-b708-57b437e30308,CPSUP3,MSD Region,Taranaki,2019-09-30,P1M,,,,,,,16332,Number,People receiving accommodation supplement,0,,
382,307bd2b1-882f-4dff-853e-6c67111e3382,CPSUP3,MSD Region,Taranaki,2019-11-30,P1M,,,,,,,16359,Number,People receiving accommodation supplement,0,,
383,abbf281a-a017-495b-be72-77426b6aab95,CPSUP3,MSD Region,Taranaki,2019-10-31,P1M,,,,,,,16394,Number,People receiving accommodation supplement,0,,
384,d8774fd1-1efe-4582-b18b-a64e85c63933,CPSUP3,MSD Region,Taranaki,2019-12-31,P1M,,,,,,,16836,Number,People receiving accommodation supplement,0,,
385,3812bfa3-ed7f-4da3-b098-d06e598dde43,CPSUP3,MSD Region,Taranaki,2020-03-31,P1M,,,,,,,16869,Number,People receiving accommodation supplement,0,,
386,45706431-aeb9-4438-a0e9-c28ca17b814b,CPSUP3,MSD Region,Taranaki,2020-01-31,P1M,,,,,,,16638,Number,People receiving accommodation supplement,0,,
387,c103217e-9c5a-4749-ad44-a2d87f3731dd,CPSUP3,MSD Region,Taranaki,2020-02-28,P1M,,,,,,,16581,Number,People receiving accommodation supplement,0,,
388,4b64b4e7-74df-43ee-8a19-884195cce900,CPSUP3,MSD Region,Taranaki,2020-10-31,P1M,,,,,,,18696,Number,People receiving accommodation supplement,0,,
389,91b958f7-5855-4702-ad8a-5e3d5e1958e8,CPSUP3,MSD Region,Taranaki,2020-04-30,P1M,,,,,,,17655,Number,People receiving accommodation supplement,0,,
390,9191809e-a93b-404e-a290-944a8f86c83d,CPSUP3,MSD Region,Taranaki,2020-05-31,P1M,,,,,,,17856,Number,People receiving accommodation supplement,0,,
391,bf7e5f48-6eef-42c8-bcd9-4dcea15fa81b,CPSUP3,MSD Region,Taranaki,2020-11-30,P1M,,,,,,,18729,Number,People receiving accommodation supplement,0,,
392,a8825b1c-e6c2-4fc8-929f-e18934f2f09a,CPSUP3,MSD Region,Taranaki,2020-06-30,P1M,,,,,,,18027,Number,People receiving accommodation supplement,0,,
393,a8e6f41f-c145-4747-b8a4-926edc74daf8,CPSUP3,MSD Region,Taranaki,2020-07-31,P1M,,,,,,,18309,Number,People receiving accommodation supplement,0,,
394,ae902f1a-f460-4d21-8a0a-c78f24b9df4d,CPSUP3,MSD Region,Taranaki,2020-08-31,P1M,,,,,,,18462,Number,People receiving accommodation supplement,0,,
395,86e6d19c-78ec-4536-855b-57f842156cef,CPSUP3,MSD Region,Taranaki,2020-09-30,P1M,,,,,,,18720,Number,People receiving accommodation supplement,0,,
396,1de81aad-4512-49ef-a881-3ad065f3f2fa,CPSUP3,MSD Region,Taranaki,2021-02-28,P1M,,,,,,,18618,Number,People receiving accommodation supplement,0,,
397,f30d2fcc-c0c7-4b0a-adf2-bea13dd423ab,CPSUP3,MSD Region,Taranaki,2020-12-31,P1M,,,,,,,18942,Number,People receiving accommodation supplement,0,,
398,1cfdb45d-4341-47d9-a36b-1420a7484497,CPSUP3,MSD Region,Taranaki,2021-01-31,P1M,,,,,,,18882,Number,People receiving accommodation supplement,0,,
399,25f5eef6-c29b-4119-98ad-f88d567dd284,CPSUP3,MSD Region,Taranaki,2021-03-31,P1M,,,,,,,18294,Number,People receiving accommodation supplement,0,,
400,c6326740-6aec-4712-83e1-4e9cdfb26870,CPSUP3,MSD Region,Taranaki,2021-06-30,P1M,,,,,,,17976,Number,People receiving accommodation supplement,0,,
401,faa2e4c1-7248-4869-8e97-bcc961784bac,CPSUP3,MSD Region,Taranaki,2021-04-30,P1M,,,,,,,18249,Number,People receiving accommodation supplement,0,,
402,21824320-eec3-4576-b04f-0d4061a287ef,CPSUP3,MSD Region,Taranaki,2021-05-31,P1M,,,,,,,18234,Number,People receiving accommodation supplement,0,,
403,586f24e5-68fc-4139-b764-e6a4e5881e3b,CPSUP3,MSD Region,Taranaki,2021-07-31,P1M,,,,,,,17925,Number,People receiving accommodation supplement,0,,
404,59d34b30-2210-4c40-92b8-d9cc4a34a0f7,CPSUP3,MSD Region,Taranaki,2021-10-31,P1M,,,,,,,18144,Number,People receiving accommodation supplement,0,,
405,5a7d0110-4759-42c6-b6d5-a9108f1b67b4,CPSUP3,MSD Region,Taranaki,2021-08-31,P1M,,,,,,,18216,Number,People receiving accommodation supplement,0,,
406,6f54d791-831c-4d3c-afbe-a88701f04d16,CPSUP3,MSD Region,Taranaki,2021-11-30,P1M,,,,,,,18045,Number,People receiving accommodation supplement,0,,
407,84eb19b6-e924-4a5e-a153-bf58385e9f48,CPSUP3,MSD Region,Taranaki,2021-09-30,P1M,,,,,,,18294,Number,People receiving accommodation supplement,0,,
408,6867e21a-0b03-4b6d-9635-74e799a336ba,CPSUP3,MSD Region,Taranaki,2021-12-31,P1M,,,,,,,18399,Number,People receiving accommodation supplement,0,,
409,0acfca45-aeab-496a-b0c7-86de4cb82f28,CPSUP3,MSD Region,Taranaki,2022-01-31,P1M,,,,,,,18369,Number,People receiving accommodation supplement,0,,
410,28726b6c-c383-458a-8a76-07caf5275c89,CPSUP3,MSD Region,Taranaki,2022-02-28,P1M,,,,,,,18378,Number,People receiving accommodation supplement,0,,
411,81218d65-0a75-41b1-b2b0-e0dbdf96cddb,CPSUP3,MSD Region,Taranaki,2022-05-31,P1M,,,,,,,17937,Number,People receiving accommodation supplement,0,,
412,a9c10789-6847-470b-8647-c77cdfdc5e22,CPSUP3,MSD Region,Taranaki,2022-03-31,P1M,,,,,,,18030,Number,People receiving accommodation supplement,0,,
413,74b9ab44-ac2b-430b-9263-80b3dc0ff4eb,CPSUP3,MSD Region,Taranaki,2022-06-30,P1M,,,,,,,17820,Number,People receiving accommodation supplement,0,,
414,ca1499dc-1780-4e2e-9841-103bbd9cfa92,CPSUP3,MSD Region,Taranaki,2022-04-30,P1M,,,,,,,17925,Number,People receiving accommodation supplement,0,,
415,7c9e53b1-eceb-4472-a8b3-def2dd368f88,CPSUP3,MSD Region,Taranaki,2022-07-31,P1M,,,,,,,17943,Number,People receiving accommodation supplement,0,,
416,577a95d2-5193-4893-b60d-fe86aa883f31,CPSUP3,MSD Region,Taranaki,2022-08-31,P1M,,,,,,,18033,Number,People receiving accommodation supplement,0,,
417,778c3b97-1f31-4240-b814-2fbe00060ae9,CPSUP3,MSD Region,Taranaki,2022-09-30,P1M,,,,,,,18129,Number,People receiving accommodation supplement,0,,
418,4ba8b2f7-ad6b-4f5d-b3fe-fd460bd13f79,CPSUP3,MSD Region,Taranaki,2022-11-30,P1M,,,,,,,18198,Number,People receiving accommodation supplement,0,,
419,f03765ac-6914-4c44-b08e-162edf6c5ed9,CPSUP3,MSD Region,Taranaki,2022-10-31,P1M,,,,,,,18225,Number,People receiving accommodation supplement,0,,
420,202c7a89-de98-4003-bb55-e45adb1cccf5,CPSUP3,MSD Region,Taranaki,2023-01-31,P1M,,,,,,,18372,Number,People receiving accommodation supplement,0,,
421,f53c913c-745e-4520-b037-3b1bfb101299,CPSUP3,MSD Region,Taranaki,2022-12-31,P1M,,,,,,,18432,Number,People receiving accommodation supplement,0,,
422,11d6052b-ce4c-4f59-85c0-9eff9ce8fad9,CPSUP3,MSD Region,Taranaki,2023-02-28,P1M,,,,,,,18315,Number,People receiving accommodation supplement,0,,
423,21a0c689-4875-4673-a1d6-c5397081579d,CPSUP3,MSD Region,Waikato,2019-04-30,P1M,,,,,,,25570,Number,People receiving accommodation supplement,0,,
424,87e4c323-c4fa-4957-800a-26173ac8cc33,CPSUP3,MSD Region,Waikato,2019-05-31,P1M,,,,,,,25604,Number,People receiving accommodation supplement,0,,
425,61bd40ea-f693-4081-99e5-e6ed482fb5b1,CPSUP3,MSD Region,Waikato,2019-06-30,P1M,,,,,,,25867,Number,People receiving accommodation supplement,0,,
426,a31b8f2e-8c50-4e50-8d4e-110b9e75bb08,CPSUP3,MSD Region,Waikato,2019-07-31,P1M,,,,,,,25921,Number,People receiving accommodation supplement,0,,
427,a7c236d3-715e-44ee-9483-42d8155cbefa,CPSUP3,MSD Region,Waikato,2019-12-31,P1M,,,,,,,27182,Number,People receiving accommodation supplement,0,,
428,17dd3bf5-82ab-4c08-8b8c-551c0c8bd8bb,CPSUP3,MSD Region,Waikato,2020-01-31,P1M,,,,,,,26973,Number,People receiving accommodation supplement,0,,
429,77c05059-89fa-45ca-972a-0c670ce5c1c9,CPSUP3,MSD Region,Waikato,2019-08-31,P1M,,,,,,,26071,Number,People receiving accommodation supplement,0,,
430,15717822-f10e-4b87-9293-3e92247f2d8b,CPSUP3,MSD Region,Waikato,2020-02-28,P1M,,,,,,,26907,Number,People receiving accommodation supplement,0,,
431,42d03e36-4115-4354-a5cc-b0b20b821ac2,CPSUP3,MSD Region,Waikato,2019-09-30,P1M,,,,,,,26253,Number,People receiving accommodation supplement,0,,
432,2f9af49d-c8b8-41c2-bd4e-cd466aac8c34,CPSUP3,MSD Region,Waikato,2019-10-31,P1M,,,,,,,26221,Number,People receiving accommodation supplement,0,,
433,c323283f-a455-4583-a761-d050bf5019f6,CPSUP3,MSD Region,Waikato,2020-03-31,P1M,,,,,,,27579,Number,People receiving accommodation supplement,0,,
434,d13a1f55-080a-4fe4-8ea7-4825a3aeab58,CPSUP3,MSD Region,Waikato,2019-11-30,P1M,,,,,,,26475,Number,People receiving accommodation supplement,0,,
435,3f89823b-ae16-4772-9eae-196788cc4eca,CPSUP3,MSD Region,Waikato,2020-05-31,P1M,,,,,,,29493,Number,People receiving accommodation supplement,0,,
436,90f3d997-99a3-4070-a324-b7c180c699fb,CPSUP3,MSD Region,Waikato,2020-04-30,P1M,,,,,,,28956,Number,People receiving accommodation supplement,0,,
437,d83e9c82-efe0-4deb-8a4a-6ce1e7849894,CPSUP3,MSD Region,Waikato,2020-06-30,P1M,,,,,,,29832,Number,People receiving accommodation supplement,0,,
438,edfcb156-0426-4920-af3d-8821a6e5cb82,CPSUP3,MSD Region,Waikato,2020-07-31,P1M,,,,,,,29946,Number,People receiving accommodation supplement,0,,
439,212f67fb-7ca1-485b-b084-3e33a3249f26,CPSUP3,MSD Region,Waikato,2020-10-31,P1M,,,,,,,30783,Number,People receiving accommodation supplement,0,,
440,efdca45a-19be-4ca1-8520-d374e4d0291c,CPSUP3,MSD Region,Waikato,2020-08-31,P1M,,,,,,,30360,Number,People receiving accommodation supplement,0,,
441,978487ff-e5ef-4ab3-9902-9cb9669b4130,CPSUP3,MSD Region,Waikato,2020-11-30,P1M,,,,,,,30930,Number,People receiving accommodation supplement,0,,
442,bcdef24c-f3ca-4b92-9666-b63f2ca72ee1,CPSUP3,MSD Region,Waikato,2020-09-30,P1M,,,,,,,30753,Number,People receiving accommodation supplement,0,,
443,650890bf-6ceb-4c2f-88d9-e8f19fd37265,CPSUP3,MSD Region,Waikato,2021-03-31,P1M,,,,,,,30597,Number,People receiving accommodation supplement,0,,
444,95fe7fb4-71a8-46e7-b3db-3216cc01424c,CPSUP3,MSD Region,Waikato,2020-12-31,P1M,,,,,,,31569,Number,People receiving accommodation supplement,0,,
445,778eb8f3-6e24-4122-b321-4cc693e0cbac,CPSUP3,MSD Region,Waikato,2021-01-31,P1M,,,,,,,31443,Number,People receiving accommodation supplement,0,,
446,bc115c02-19ab-4df4-89df-4991fdea236a,CPSUP3,MSD Region,Waikato,2021-02-28,P1M,,,,,,,31161,Number,People receiving accommodation supplement,0,,
447,481eda49-0250-40bd-8755-a4250f357ba2,CPSUP3,MSD Region,Waikato,2021-04-30,P1M,,,,,,,30318,Number,People receiving accommodation supplement,0,,
448,ec3b80fc-4719-4a87-9b9b-c42774d30587,CPSUP3,MSD Region,Waikato,2021-05-31,P1M,,,,,,,30153,Number,People receiving accommodation supplement,0,,
449,d885bcda-187c-49a8-a310-e983509b8bdd,CPSUP3,MSD Region,Waikato,2021-08-31,P1M,,,,,,,30273,Number,People receiving accommodation supplement,0,,
450,e029c65b-48f5-4f09-af20-5deccd3d07b7,CPSUP3,MSD Region,Waikato,2021-06-30,P1M,,,,,,,29967,Number,People receiving accommodation supplement,0,,
451,7654dd7a-3a8a-458a-bdaf-10cb84109f5f,CPSUP3,MSD Region,Waikato,2021-09-30,P1M,,,,,,,30348,Number,People receiving accommodation supplement,0,,
452,98eed964-ebdd-46cc-9c60-463aed6dd7d3,CPSUP3,MSD Region,Waikato,2021-07-31,P1M,,,,,,,29922,Number,People receiving accommodation supplement,0,,
453,994cfbe7-f285-4f30-853d-26aef5bea4b6,CPSUP3,MSD Region,Waikato,2021-12-31,P1M,,,,,,,30708,Number,People receiving accommodation supplement,0,,
454,adf3d3fb-90a3-47a1-8ea4-fce350edb73c,CPSUP3,MSD Region,Waikato,2021-10-31,P1M,,,,,,,30321,Number,People receiving accommodation supplement,0,,
455,6b8e6d31-6908-41f2-9dba-7526056792c4,CPSUP3,MSD Region,Waikato,2021-11-30,P1M,,,,,,,30252,Number,People receiving accommodation supplement,0,,
456,37a1b092-fd2d-401f-ba68-6000a5b75894,CPSUP3,MSD Region,Waikato,2022-01-31,P1M,,,,,,,30651,Number,People receiving accommodation supplement,0,,
457,3be02b7d-de1d-4531-adc3-2531b5c3bd73,CPSUP3,MSD Region,Waikato,2022-03-31,P1M,,,,,,,29961,Number,People receiving accommodation supplement,0,,
458,00595eba-aeac-4a06-972d-dbb4572d8a76,CPSUP3,MSD Region,Waikato,2022-02-28,P1M,,,,,,,30447,Number,People receiving accommodation supplement,0,,
459,8c12a027-b87d-4330-ba4c-7e011aec214c,CPSUP3,MSD Region,Waikato,2022-04-30,P1M,,,,,,,29802,Number,People receiving accommodation supplement,0,,
460,5f7356e5-e527-41f3-8bb5-d537ff03cd5f,CPSUP3,MSD Region,Waikato,2022-05-31,P1M,,,,,,,29802,Number,People receiving accommodation supplement,0,,
461,ac0003da-c5e5-463e-a07d-cde21f9be8d4,CPSUP3,MSD Region,Waikato,2022-07-31,P1M,,,,,,,29655,Number,People receiving accommodation supplement,0,,
462,118498bb-3e5d-4f88-8819-b11778572219,CPSUP3,MSD Region,Waikato,2022-10-31,P1M,,,,,,,29862,Number,People receiving accommodation supplement,0,,
463,9c481586-9c4c-4b89-80de-96357dc36c4a,CPSUP3,MSD Region,Waikato,2022-06-30,P1M,,,,,,,29610,Number,People receiving accommodation supplement,0,,
464,5845cf2f-cfc8-412b-83b7-22956e2b2f95,CPSUP3,MSD Region,Waikato,2022-08-31,P1M,,,,,,,29832,Number,People receiving accommodation supplement,0,,
465,8c6cc91d-ec77-4e12-a0dc-081e6acd889e,CPSUP3,MSD Region,Waikato,2022-11-30,P1M,,,,,,,29940,Number,People receiving accommodation supplement,0,,
466,0a0975b1-a4c2-4224-b5ee-253c03ed95f6,CPSUP3,MSD Region,Waikato,2022-09-30,P1M,,,,,,,29913,Number,People receiving accommodation supplement,0,,
467,c236638a-1f02-4181-bbc8-d04b87612de6,CPSUP3,MSD Region,Waikato,2023-01-31,P1M,,,,,,,30291,Number,People receiving accommodation supplement,0,,
468,b60ae18f-825c-412c-a236-68b3dea2e94b,CPSUP3,MSD Region,Waikato,2022-12-31,P1M,,,,,,,30348,Number,People receiving accommodation supplement,0,,
469,dc5e9ccf-cc59-433c-8465-8f12cd0c5336,CPSUP3,MSD Region,Waikato,2023-02-28,P1M,,,,,,,30300,Number,People receiving accommodation supplement,0,,
470,9bdd0ea5-44bf-490f-9c3b-220d993d7085,CPSUP3,MSD Region,Wellington,2019-04-30,P1M,,,,,,,20526,Number,People receiving accommodation supplement,0,,
471,1113c144-068e-403c-a31a-2047710bf5eb,CPSUP3,MSD Region,Wellington,2019-05-31,P1M,,,,,,,20613,Number,People receiving accommodation supplement,0,,
472,fee8aac9-0036-41dd-9901-a3bc304d1cef,CPSUP3,MSD Region,Wellington,2019-07-31,P1M,,,,,,,20680,Number,People receiving accommodation supplement,0,,
473,0763e16e-74b7-4a13-a1aa-b03bf053572f,CPSUP3,MSD Region,Wellington,2019-06-30,P1M,,,,,,,20667,Number,People receiving accommodation supplement,0,,
474,627bf5b4-25dd-4a27-938d-d707cf18af6d,CPSUP3,MSD Region,Wellington,2019-08-31,P1M,,,,,,,20834,Number,People receiving accommodation supplement,0,,
475,69a6ed0f-7521-43d4-b9c1-c75368efe46c,CPSUP3,MSD Region,Wellington,2019-11-30,P1M,,,,,,,20951,Number,People receiving accommodation supplement,0,,
476,ce1499ed-5e2b-42d6-826c-1ada2221c695,CPSUP3,MSD Region,Wellington,2019-09-30,P1M,,,,,,,20896,Number,People receiving accommodation supplement,0,,
477,0f01dc4d-aa92-4a1b-87a9-70dfc95e5a75,CPSUP3,MSD Region,Wellington,2019-10-31,P1M,,,,,,,20955,Number,People receiving accommodation supplement,0,,
478,51634eb6-33d0-4587-9bcd-fad652a3b58d,CPSUP3,MSD Region,Wellington,2019-12-31,P1M,,,,,,,21519,Number,People receiving accommodation supplement,0,,
479,53a7c09a-e75e-4e7a-8fdb-be320780765a,CPSUP3,MSD Region,Wellington,2020-01-31,P1M,,,,,,,21495,Number,People receiving accommodation supplement,0,,
480,82596746-6025-463a-bdd5-f711479d38a9,CPSUP3,MSD Region,Wellington,2020-02-28,P1M,,,,,,,21306,Number,People receiving accommodation supplement,0,,
481,875755fa-508f-4c03-a9ee-d6fafe33fb63,CPSUP3,MSD Region,Wellington,2020-03-31,P1M,,,,,,,21651,Number,People receiving accommodation supplement,0,,
482,ef933406-739c-4289-93c2-0bf0bd9e0f91,CPSUP3,MSD Region,Wellington,2020-04-30,P1M,,,,,,,23208,Number,People receiving accommodation supplement,0,,
483,4b0509f8-4fd0-4f12-b5b1-23c6a1d7f54e,CPSUP3,MSD Region,Wellington,2020-05-31,P1M,,,,,,,23403,Number,People receiving accommodation supplement,0,,
484,c9772526-639b-4f28-98a2-8202ce5eb1d7,CPSUP3,MSD Region,Wellington,2020-06-30,P1M,,,,,,,23619,Number,People receiving accommodation supplement,0,,
485,dc10a6bb-f611-450d-9265-8620175c5d44,CPSUP3,MSD Region,Wellington,2020-07-31,P1M,,,,,,,23934,Number,People receiving accommodation supplement,0,,
486,7886d859-bf7b-4882-855e-2c31243a3739,CPSUP3,MSD Region,Wellington,2020-08-31,P1M,,,,,,,24225,Number,People receiving accommodation supplement,0,,
487,0d610925-3932-41b9-b524-e9e00f8db07f,CPSUP3,MSD Region,Wellington,2020-09-30,P1M,,,,,,,24342,Number,People receiving accommodation supplement,0,,
488,f167c24a-563d-471c-ba61-56e86e32da19,CPSUP3,MSD Region,Wellington,2020-10-31,P1M,,,,,,,24339,Number,People receiving accommodation supplement,0,,
489,0b165d4c-22a9-4a91-bbe0-e33f01021b0f,CPSUP3,MSD Region,Wellington,2020-11-30,P1M,,,,,,,24585,Number,People receiving accommodation supplement,0,,
490,27ca1282-bda6-432f-84d8-51dd3a06d612,CPSUP3,MSD Region,Wellington,2020-12-31,P1M,,,,,,,25293,Number,People receiving accommodation supplement,0,,
491,6fd6205e-9671-43bf-986b-4a3763eb2b33,CPSUP3,MSD Region,Wellington,2021-01-31,P1M,,,,,,,25296,Number,People receiving accommodation supplement,0,,
492,1fc53685-bf1c-42ce-bacd-1012550c122b,CPSUP3,MSD Region,Wellington,2021-02-28,P1M,,,,,,,24816,Number,People receiving accommodation supplement,0,,
493,6fb606bf-bcf8-4c66-9ad4-294ea272a35f,CPSUP3,MSD Region,Wellington,2021-05-31,P1M,,,,,,,23892,Number,People receiving accommodation supplement,0,,
494,c2788360-e2a4-4537-9bc6-3ec06d5733f2,CPSUP3,MSD Region,Wellington,2021-03-31,P1M,,,,,,,24282,Number,People receiving accommodation supplement,0,,
495,78c975f4-33a7-4139-9f84-a5b8203a6edd,CPSUP3,MSD Region,Wellington,2021-04-30,P1M,,,,,,,24123,Number,People receiving accommodation supplement,0,,
496,aa1c86a7-f910-4985-a1d8-1c9666796adb,CPSUP3,MSD Region,Wellington,2021-06-30,P1M,,,,,,,23460,Number,People receiving accommodation supplement,0,,
497,4abaee2a-2d51-4477-ae7e-cfe07f3b2515,CPSUP3,MSD Region,Wellington,2021-08-31,P1M,,,,,,,23409,Number,People receiving accommodation supplement,0,,
498,f5a4f0eb-8341-462d-bc6a-891440285e19,CPSUP3,MSD Region,Wellington,2021-07-31,P1M,,,,,,,23208,Number,People receiving accommodation supplement,0,,
499,43160604-b6d6-497b-8d50-dce3f064251b,CPSUP3,MSD Region,Wellington,2021-09-30,P1M,,,,,,,23316,Number,People receiving accommodation supplement,0,,
500,3499c2cb-fdb0-4a2c-812c-206164ede52a,CPSUP3,MSD Region,Wellington,2021-10-31,P1M,,,,,,,22953,Number,People receiving accommodation supplement,0,,
501,d9cef52a-009e-4896-abe2-4edc2428f36a,CPSUP3,MSD Region,Wellington,2021-11-30,P1M,,,,,,,23082,Number,People receiving accommodation supplement,0,,
502,65ed3331-3b66-4c0b-84e8-932cbfb3e473,CPSUP3,MSD Region,Wellington,2021-12-31,P1M,,,,,,,23655,Number,People receiving accommodation supplement,0,,
503,0f0ddd48-1a7a-45a3-a151-7c14a6543600,CPSUP3,MSD Region,Wellington,2022-01-31,P1M,,,,,,,23580,Number,People receiving accommodation supplement,0,,
504,12e33caf-24de-414c-a269-18d693b8c172,CPSUP3,MSD Region,Wellington,2022-03-31,P1M,,,,,,,22908,Number,People receiving accommodation supplement,0,,
505,701a94ae-52dd-455f-8ec9-6ec2dbbb19e9,CPSUP3,MSD Region,Wellington,2022-02-28,P1M,,,,,,,23418,Number,People receiving accommodation supplement,0,,
506,70767eeb-34b0-4935-bb18-d022d6da550b,CPSUP3,MSD Region,Wellington,2022-04-30,P1M,,,,,,,22812,Number,People receiving accommodation supplement,0,,
507,f882999d-57b3-4022-ab15-3e14c9ef1304,CPSUP3,MSD Region,Wellington,2022-05-31,P1M,,,,,,,22767,Number,People receiving accommodation supplement,0,,
508,9e553c3f-222b-4126-8a66-81234bdbc37a,CPSUP3,MSD Region,Wellington,2022-07-31,P1M,,,,,,,22542,Number,People receiving accommodation supplement,0,,
509,d7895eb3-a3fa-4f7b-9101-935106ba9a0a,CPSUP3,MSD Region,Wellington,2022-06-30,P1M,,,,,,,22563,Number,People receiving accommodation supplement,0,,
510,04cb470d-c097-4e3a-940a-bb19b99dd4a4,CPSUP3,MSD Region,Wellington,2022-08-31,P1M,,,,,,,22590,Number,People receiving accommodation supplement,0,,
511,df91ef95-5a70-4322-a4a4-d9369862f530,CPSUP3,MSD Region,Wellington,2022-10-31,P1M,,,,,,,22524,Number,People receiving accommodation supplement,0,,
512,e403a030-7181-4f2a-a2a7-c5df64b4631c,CPSUP3,MSD Region,Wellington,2022-09-30,P1M,,,,,,,22638,Number,People receiving accommodation supplement,0,,
513,7a09bc7b-a14a-4996-812f-eb1e8f9c26f9,CPSUP3,MSD Region,Wellington,2022-11-30,P1M,,,,,,,22527,Number,People receiving accommodation supplement,0,,
514,d413a4e6-5354-4b5d-a1a8-da6e0430606c,CPSUP3,MSD Region,Wellington,2022-12-31,P1M,,,,,,,22944,Number,People receiving accommodation supplement,0,,
515,3e447617-8bc9-4d6d-a87a-973d5aecca13,CPSUP3,MSD Region,Wellington,2023-01-31,P1M,,,,,,,22923,Number,People receiving accommodation supplement,0,,
516,282b84d7-c548-4d64-b3da-3c064f6d453d,CPSUP3,MSD Region,Other region,2019-07-31,P1M,,,,,,,6419,Number,People receiving accommodation supplement,0,,
517,9d39fd1b-30c0-4c3a-9463-8331948a33d1,CPSUP3,MSD Region,Wellington,2023-02-28,P1M,,,,,,,22752,Number,People receiving accommodation supplement,0,,
518,102d49d9-167b-4f49-aabc-c86aa0a1d181,CPSUP3,MSD Region,Other region,2019-04-30,P1M,,,,,,,6454,Number,People receiving accommodation supplement,0,,
519,1d9dd5b2-0256-4d60-bcab-be66664f3421,CPSUP3,MSD Region,Other region,2019-08-31,P1M,,,,,,,6567,Number,People receiving accommodation supplement,0,,
520,9a07b836-50f5-4324-b055-dcc33361b3b5,CPSUP3,MSD Region,Other region,2019-05-31,P1M,,,,,,,6659,Number,People receiving accommodation supplement,0,,
521,2752ac70-e0e4-49b8-8fc6-17fef3287f7a,CPSUP3,MSD Region,Other region,2019-06-30,P1M,,,,,,,6692,Number,People receiving accommodation supplement,0,,
522,9e0a9cab-1e02-47fd-8b13-5eb37bc84508,CPSUP3,MSD Region,Other region,2019-09-30,P1M,,,,,,,6622,Number,People receiving accommodation supplement,0,,
523,f57aa8b9-8f5c-49fd-8d98-3e1bea320adc,CPSUP3,MSD Region,Other region,2019-11-30,P1M,,,,,,,9576,Number,People receiving accommodation supplement,0,,
524,6067e972-b840-414a-acbf-e311d4cbfa5f,CPSUP3,MSD Region,Other region,2019-10-31,P1M,,,,,,,7676,Number,People receiving accommodation supplement,0,,
525,cd510a60-cc48-429e-996b-3dc586be4b7f,CPSUP3,MSD Region,Other region,2019-12-31,P1M,,,,,,,11202,Number,People receiving accommodation supplement,0,,
526,0a69995f-2ef9-4888-87c9-96b78f89720a,CPSUP3,MSD Region,Other region,2020-01-31,P1M,,,,,,,11043,Number,People receiving accommodation supplement,0,,
527,028d07af-500e-41a7-9495-b832ce2adf56,CPSUP3,MSD Region,Other region,2020-03-31,P1M,,,,,,,6876,Number,People receiving accommodation supplement,0,,
528,af915526-7cd0-4b11-a92a-1ef3f2f8afa0,CPSUP3,MSD Region,Other region,2020-02-28,P1M,,,,,,,7380,Number,People receiving accommodation supplement,0,,
529,07dd7e2a-9083-4d5f-b22d-2c8729ee2aa3,CPSUP3,MSD Region,Other region,2020-05-31,P1M,,,,,,,7056,Number,People receiving accommodation supplement,0,,
530,c46fe488-75cb-4f11-a206-b0065d6bc1aa,CPSUP3,MSD Region,Other region,2020-04-30,P1M,,,,,,,6924,Number,People receiving accommodation supplement,0,,
531,a8629d01-81ca-4216-b149-5cbf67ce71e4,CPSUP3,MSD Region,Other region,2020-06-30,P1M,,,,,,,7422,Number,People receiving accommodation supplement,0,,
532,d0003e30-4a86-4973-9cd7-ea0149edc220,CPSUP3,MSD Region,Other region,2020-07-31,P1M,,,,,,,7923,Number,People receiving accommodation supplement,0,,
533,7b5006b7-e92c-4f97-8c67-e973ea76d824,CPSUP3,MSD Region,Other region,2020-09-30,P1M,,,,,,,8253,Number,People receiving accommodation supplement,0,,
534,d22f6b4c-7365-4314-a0dc-2c753b1708d1,CPSUP3,MSD Region,Other region,2020-08-31,P1M,,,,,,,7944,Number,People receiving accommodation supplement,0,,
535,08e45822-f56e-4560-b458-a9c9510525db,CPSUP3,MSD Region,Other region,2020-10-31,P1M,,,,,,,9177,Number,People receiving accommodation supplement,0,,
536,6bfac513-8e33-47f6-ad26-c8b875b95244,CPSUP3,MSD Region,Other region,2020-11-30,P1M,,,,,,,10974,Number,People receiving accommodation supplement,0,,
537,e3988c12-07fc-4bba-b669-7dce944cab10,CPSUP3,MSD Region,Other region,2020-12-31,P1M,,,,,,,13074,Number,People receiving accommodation supplement,0,,
538,e89e6186-0da4-4540-89c5-ba27f55b61d6,CPSUP3,MSD Region,Other region,2021-01-31,P1M,,,,,,,13167,Number,People receiving accommodation supplement,0,,
539,8cd62a9d-e296-473c-bfbe-b891f93ffcd7,CPSUP3,MSD Region,Other region,2021-03-31,P1M,,,,,,,7425,Number,People receiving accommodation supplement,0,,
540,f04e4562-a1c0-4b5d-811f-50f9f54b1619,CPSUP3,MSD Region,Other region,2021-02-28,P1M,,,,,,,9243,Number,People receiving accommodation supplement,0,,
541,cafa70ab-28c5-410f-920f-2d83c501e367,CPSUP3,MSD Region,Other region,2021-04-30,P1M,,,,,,,7701,Number,People receiving accommodation supplement,0,,
542,4cf4bc8f-159b-4935-91ba-19c9a2d5ee0a,CPSUP3,MSD Region,Other region,2021-05-31,P1M,,,,,,,7785,Number,People receiving accommodation supplement,0,,
543,9f8518dd-17c5-459f-b6e2-dcba79e88481,CPSUP3,MSD Region,Other region,2021-10-31,P1M,,,,,,,8469,Number,People receiving accommodation supplement,0,,
544,da9fc1ae-b15d-468a-8dd1-b2a68097990b,CPSUP3,MSD Region,Other region,2021-06-30,P1M,,,,,,,7803,Number,People receiving accommodation supplement,0,,
545,3e1e8f88-9da4-4042-b3d9-a1373d2006fc,CPSUP3,MSD Region,Other region,2021-07-31,P1M,,,,,,,7587,Number,People receiving accommodation supplement,0,,
546,6fac1e42-fc18-4fd6-9416-6863bfb942a2,CPSUP3,MSD Region,Other region,2021-11-30,P1M,,,,,,,10383,Number,People receiving accommodation supplement,0,,
547,fab8e6f5-54e6-42a5-a397-58d5c8109a33,CPSUP3,MSD Region,Other region,2021-08-31,P1M,,,,,,,7602,Number,People receiving accommodation supplement,0,,
548,5a4dda4e-76fe-4794-af6e-49c1d1fbeced,CPSUP3,MSD Region,Other region,2021-09-30,P1M,,,,,,,7755,Number,People receiving accommodation supplement,0,,
549,374dec6e-d225-430f-8043-dd398d7c609e,CPSUP3,MSD Region,Other region,2021-12-31,P1M,,,,,,,11880,Number,People receiving accommodation supplement,0,,
550,7f38d355-b715-4ce7-81f4-5b3c8111051a,CPSUP3,MSD Region,Other region,2022-04-30,P1M,,,,,,,7014,Number,People receiving accommodation supplement,0,,
551,48f085af-3f43-4ab9-81f8-683195e02f15,CPSUP3,MSD Region,Other region,2022-01-31,P1M,,,,,,,11967,Number,People receiving accommodation supplement,0,,
552,0190495e-df0b-4588-a2b9-00f346ea1d75,CPSUP3,MSD Region,Other region,2022-02-28,P1M,,,,,,,9426,Number,People receiving accommodation supplement,0,,
553,4178223d-1847-4005-bbbc-947dd088a89a,CPSUP3,MSD Region,Other region,2022-05-31,P1M,,,,,,,6777,Number,People receiving accommodation supplement,0,,
554,dd635d1f-7319-4f35-b2a8-9f6570c7aa01,CPSUP3,MSD Region,Other region,2022-03-31,P1M,,,,,,,7047,Number,People receiving accommodation supplement,0,,
555,9703aa17-32f9-4daa-ade0-731b4814b3b7,CPSUP3,MSD Region,Other region,2022-06-30,P1M,,,,,,,6816,Number,People receiving accommodation supplement,0,,
556,e6c8c730-51a9-4176-ad48-c3d535fbdeae,CPSUP3,MSD Region,Other region,2022-07-31,P1M,,,,,,,6726,Number,People receiving accommodation supplement,0,,
557,431490e0-bf71-4875-8779-8470cddc4af1,CPSUP3,MSD Region,Other region,2022-08-31,P1M,,,,,,,6804,Number,People receiving accommodation supplement,0,,
558,0df910ac-afb4-4cc7-9d0f-49d441d547d6,CPSUP3,MSD Region,Other region,2022-09-30,P1M,,,,,,,6867,Number,People receiving accommodation supplement,0,,
559,f759d6be-2cc3-4440-9fb1-6149efaf4356,CPSUP3,MSD Region,Other region,2022-10-31,P1M,,,,,,,7413,Number,People receiving accommodation supplement,0,,
560,f7689af7-304b-4d40-ab2e-75f20990677e,CPSUP3,MSD Region,Other region,2022-11-30,P1M,,,,,,,9288,Number,People receiving accommodation supplement,0,,
561,54421e5f-e532-4e75-bda7-6148ff37ee49,CPSUP3,MSD Region,Other region,2023-02-28,P1M,,,,,,,8298,Number,People receiving accommodation supplement,0,,
562,6cd8e5ed-5ff0-46c5-9082-a07550b72353,CPSUP3,MSD Region,Other region,2022-12-31,P1M,,,,,,,10179,Number,People receiving accommodation supplement,0,,
563,6ba56803-6d70-44d8-8541-bc900244bb95,CPSUP3,MSD Region,Other region,2023-01-31,P1M,,,,,,,10263,Number,People receiving accommodation supplement,0,,
